story_id,character,source_text,situation,moral_conflict,broken_component,iks_principle,hope_message,distress_keywords,emotion_tags,distress_level,decision_taken,outcome,user_group,data_source
IKS_EXT_001,Karna,Mahabharata,dealing with anger and revenge,duty vs personal gain,Pathways,ahimsa,"Through ahimsa, one can navigate dealing with anger and revenge and restore inner balance.","anger, duty, personal gain",anger,low,Decided to apply ahimsa to resolve the duty vs personal gain.,Achieved a sense of clarity and purpose,general,Synthetically_Enhanced_IKS_Model
IKS_EXT_002,Karna,Mahabharata,handling jealousy and envy,loyalty vs righteousness,Pathways,tapas,"Through tapas, one can navigate handling jealousy and envy and restore inner balance.","anxiety, loyalty, righteousness",anxiety,medium,Decided to apply tapas to resolve the loyalty vs righteousness.,Achieved a sense of clarity and purpose,general,Synthetically_Enhanced_IKS_Model
IKS_EXT_003,Drona,Mahabharata,managing family conflicts,faith vs logic,Pathways,viveka,"Through viveka, one can navigate managing family conflicts and restore inner balance.","grief, faith, logic",grief,high,Decided to apply viveka to resolve the faith vs logic.,Achieved a sense of clarity and purpose,general,Synthetically_Enhanced_IKS_Model
IKS_EXT_004,Draupadi,Mahabharata,dealing with unrequited efforts,forgiveness vs anger,Agency,viveka,"Through viveka, one can navigate dealing with unrequited efforts and restore inner balance.","confusion, forgiveness, anger",confusion,medium,Decided to apply viveka to resolve the forgiveness vs anger.,Achieved a sense of clarity and purpose,general,Synthetically_Enhanced_IKS_Model
IKS_EXT_005,Drona,Mahabharata,dealing with physical illness,fear vs courage,Agency,kshama,"Through kshama, one can navigate dealing with physical illness and restore inner balance.","confusion, fear, courage",confusion,low,Decided to apply kshama to resolve the fear vs courage.,Achieved a sense of clarity and purpose,general,Synthetically_Enhanced_IKS_Model
IKS_EXT_006,Vidura,Mahabharata,facing social discrimination,non-violence vs self-defense,Goals,dharma,"Through dharma, one can navigate facing social discrimination and restore inner balance.","anxiety, non-violence, self-defense",anxiety,high,Decided to apply dharma to resolve the non-violence vs self-defense.,Achieved a sense of clarity and purpose,general,Synthetically_Enhanced_IKS_Model
IKS_EXT_007,Bhishma,Mahabharata,seeking purpose in life,patience vs impulse,Goals,daya,"Through daya, one can navigate seeking purpose in life and restore inner balance.","helplessness, patience, impulse",helplessness,medium,Decided to apply daya to resolve the patience vs impulse.,Achieved a sense of clarity and purpose,general,Synthetically_Enhanced_IKS_Model
IKS_EXT_008,Bhishma,Mahabharata,overcoming fear of death,forgiveness vs anger,Pathways,karma yoga,"Through karma yoga, one can navigate overcoming fear of death and restore inner balance.","grief, forgiveness, anger",grief,high,Decided to apply karma yoga to resolve the forgiveness vs anger.,Achieved a sense of clarity and purpose,general,Synthetically_Enhanced_IKS_Model
IKS_EXT_009,Draupadi,Mahabharata,facing a loss of a loved one,tradition vs innovation,Agency,kshama,"Through kshama, one can navigate facing a loss of a loved one and restore inner balance.","fear, tradition, innovation",fear,low,Decided to apply kshama to resolve the tradition vs innovation.,Achieved a sense of clarity and purpose,general,Synthetically_Enhanced_IKS_Model
IKS_EXT_010,Kunti,Mahabharata,struggling with lack of resources,loyalty vs righteousness,Goals,shanti,"Through shanti, one can navigate struggling with lack of resources and restore inner balance.","fear, loyalty, righteousness",fear,medium,Decided to apply shanti to resolve the loyalty vs righteousness.,Achieved a sense of clarity and purpose,general,Synthetically_Enhanced_IKS_Model
IKS_EXT_011,Arjuna,Mahabharata,balancing personal growth with social duty,self-interest vs social good,Pathways,bhakti,"Through bhakti, one can navigate balancing personal growth with social duty and restore inner balance.","helplessness, self-interest, social good",helplessness,high,Decided to apply bhakti to resolve the self-interest vs social good.,Achieved a sense of clarity and purpose,general,Synthetically_Enhanced_IKS_Model
IKS_EXT_012,Draupadi,Mahabharata,facing exhaustion and burnout,truth vs convenience,Goals,shanti,"Through shanti, one can navigate facing exhaustion and burnout and restore inner balance.","sadness, truth, convenience",sadness,medium,Decided to apply shanti to resolve the truth vs convenience.,Achieved a sense of clarity and purpose,general,Synthetically_Enhanced_IKS_Model
IKS_EXT_013,Kunti,Mahabharata,coping with aging,ambition vs contentment,Pathways,karma yoga,"Through karma yoga, one can navigate coping with aging and restore inner balance.","helplessness, ambition, contentment",helplessness,high,Decided to apply karma yoga to resolve the ambition vs contentment.,Achieved a sense of clarity and purpose,general,Synthetically_Enhanced_IKS_Model
IKS_EXT_014,Bhishma,Mahabharata,handling jealousy and envy,integrity vs shortcut,Goals,dana,"Through dana, one can navigate handling jealousy and envy and restore inner balance.","confusion, integrity, shortcut",confusion,medium,Decided to apply dana to resolve the integrity vs shortcut.,Achieved a sense of clarity and purpose,general,Synthetically_Enhanced_IKS_Model
IKS_EXT_015,Kunti,Mahabharata,coping with aging,self-interest vs social good,Pathways,vairagya,"Through vairagya, one can navigate coping with aging and restore inner balance.","moral tension, self-interest, social good",moral tension,low,Decided to apply vairagya to resolve the self-interest vs social good.,Achieved a sense of clarity and purpose,general,Synthetically_Enhanced_IKS_Model
IKS_EXT_016,Vidura,Mahabharata,feeling confused about career path,non-violence vs self-defense,Goals,vairagya,"Through vairagya, one can navigate feeling confused about career path and restore inner balance.","moral tension, non-violence, self-defense",moral tension,high,Decided to apply vairagya to resolve the non-violence vs self-defense.,Achieved a sense of clarity and purpose,general,Synthetically_Enhanced_IKS_Model
IKS_EXT_017,Yudhisthira,Mahabharata,struggling with self-doubt,faith vs logic,Agency,tapas,"Through tapas, one can navigate struggling with self-doubt and restore inner balance.","helplessness, faith, logic",helplessness,high,Decided to apply tapas to resolve the faith vs logic.,Achieved a sense of clarity and purpose,general,Synthetically_Enhanced_IKS_Model
IKS_EXT_018,Kunti,Mahabharata,facing betrayal by a friend,patience vs impulse,Agency,satya,"Through satya, one can navigate facing betrayal by a friend and restore inner balance.","moral tension, patience, impulse",moral tension,low,Decided to apply satya to resolve the patience vs impulse.,Achieved a sense of clarity and purpose,general,Synthetically_Enhanced_IKS_Model
IKS_EXT_019,Vidura,Mahabharata,facing a loss of a loved one,patience vs impulse,Agency,vairagya,"Through vairagya, one can navigate facing a loss of a loved one and restore inner balance.","confusion, patience, impulse",confusion,high,Decided to apply vairagya to resolve the patience vs impulse.,Achieved a sense of clarity and purpose,general,Synthetically_Enhanced_IKS_Model
IKS_EXT_020,Yudhisthira,Mahabharata,dealing with public humiliation,loyalty vs righteousness,Pathways,daya,"Through daya, one can navigate dealing with public humiliation and restore inner balance.","anger, loyalty, righteousness",anger,high,Decided to apply daya to resolve the loyalty vs righteousness.,Achieved a sense of clarity and purpose,general,Synthetically_Enhanced_IKS_Model
IKS_EXT_021,Kunti,Mahabharata,dealing with unrequited efforts,truth vs convenience,Goals,shanti,"Through shanti, one can navigate dealing with unrequited efforts and restore inner balance.","frustration, truth, convenience",frustration,high,Decided to apply shanti to resolve the truth vs convenience.,Achieved a sense of clarity and purpose,general,Synthetically_Enhanced_IKS_Model
IKS_EXT_022,Arjuna,Mahabharata,experiencing a crisis of faith,duty vs personal gain,Pathways,shanti,"Through shanti, one can navigate experiencing a crisis of faith and restore inner balance.","despair, duty, personal gain",despair,medium,Decided to apply shanti to resolve the duty vs personal gain.,Achieved a sense of clarity and purpose,general,Synthetically_Enhanced_IKS_Model
IKS_EXT_023,Kunti,Mahabharata,struggling with addiction or bad habits,hard work vs luck,Goals,karma yoga,"Through karma yoga, one can navigate struggling with addiction or bad habits and restore inner balance.","anger, hard work, luck",anger,low,Decided to apply karma yoga to resolve the hard work vs luck.,Achieved a sense of clarity and purpose,general,Synthetically_Enhanced_IKS_Model
IKS_EXT_024,Bhishma,Mahabharata,dealing with public humiliation,non-violence vs self-defense,Agency,daya,"Through daya, one can navigate dealing with public humiliation and restore inner balance.","anger, non-violence, self-defense",anger,low,Decided to apply daya to resolve the non-violence vs self-defense.,Achieved a sense of clarity and purpose,general,Synthetically_Enhanced_IKS_Model
IKS_EXT_025,Draupadi,Mahabharata,feeling lonely in a crowd,attachment vs detachment,Pathways,daya,"Through daya, one can navigate feeling lonely in a crowd and restore inner balance.","frustration, attachment, detachment",frustration,high,Decided to apply daya to resolve the attachment vs detachment.,Achieved a sense of clarity and purpose,general,Synthetically_Enhanced_IKS_Model
IKS_EXT_026,Arjuna,Mahabharata,managing family conflicts,attachment vs detachment,Goals,dharma,"Through dharma, one can navigate managing family conflicts and restore inner balance.","confusion, attachment, detachment",confusion,high,Decided to apply dharma to resolve the attachment vs detachment.,Achieved a sense of clarity and purpose,general,Synthetically_Enhanced_IKS_Model
IKS_EXT_027,Yudhisthira,Mahabharata,dealing with financial debt,loyalty vs righteousness,Pathways,ahimsa,"Through ahimsa, one can navigate dealing with financial debt and restore inner balance.","grief, loyalty, righteousness",grief,high,Decided to apply ahimsa to resolve the loyalty vs righteousness.,Achieved a sense of clarity and purpose,general,Synthetically_Enhanced_IKS_Model
IKS_EXT_028,Yudhisthira,Mahabharata,managing family conflicts,hard work vs luck,Pathways,kshama,"Through kshama, one can navigate managing family conflicts and restore inner balance.","fear, hard work, luck",fear,high,Decided to apply kshama to resolve the hard work vs luck.,Achieved a sense of clarity and purpose,general,Synthetically_Enhanced_IKS_Model
IKS_EXT_029,Arjuna,Mahabharata,overcoming fear of death,faith vs logic,Agency,shanti,"Through shanti, one can navigate overcoming fear of death and restore inner balance.","sadness, faith, logic",sadness,high,Decided to apply shanti to resolve the faith vs logic.,Achieved a sense of clarity and purpose,general,Synthetically_Enhanced_IKS_Model
IKS_EXT_030,Yudhisthira,Mahabharata,dealing with professional failure,ambition vs contentment,Pathways,karma yoga,"Through karma yoga, one can navigate dealing with professional failure and restore inner balance.","anxiety, ambition, contentment",anxiety,high,Decided to apply karma yoga to resolve the ambition vs contentment.,Achieved a sense of clarity and purpose,general,Synthetically_Enhanced_IKS_Model
IKS_EXT_031,Karna,Mahabharata,dealing with unrequited efforts,patience vs impulse,Agency,ahimsa,"Through ahimsa, one can navigate dealing with unrequited efforts and restore inner balance.","confusion, patience, impulse",confusion,high,Decided to apply ahimsa to resolve the patience vs impulse.,Achieved a sense of clarity and purpose,general,Synthetically_Enhanced_IKS_Model
IKS_EXT_032,Arjuna,Mahabharata,balancing personal growth with social duty,integrity vs shortcut,Goals,vairagya,"Through vairagya, one can navigate balancing personal growth with social duty and restore inner balance.","grief, integrity, shortcut",grief,low,Decided to apply vairagya to resolve the integrity vs shortcut.,Achieved a sense of clarity and purpose,general,Synthetically_Enhanced_IKS_Model
IKS_EXT_033,Draupadi,Mahabharata,coping with aging,patience vs impulse,Goals,vairagya,"Through vairagya, one can navigate coping with aging and restore inner balance.","anxiety, patience, impulse",anxiety,high,Decided to apply vairagya to resolve the patience vs impulse.,Achieved a sense of clarity and purpose,general,Synthetically_Enhanced_IKS_Model
IKS_EXT_034,Karna,Mahabharata,overcoming fear of death,tradition vs innovation,Agency,kshama,"Through kshama, one can navigate overcoming fear of death and restore inner balance.","anger, tradition, innovation",anger,medium,Decided to apply kshama to resolve the tradition vs innovation.,Achieved a sense of clarity and purpose,general,Synthetically_Enhanced_IKS_Model
IKS_EXT_035,Yudhisthira,Mahabharata,overcoming traumatic past,mercy vs justice,Agency,shanti,"Through shanti, one can navigate overcoming traumatic past and restore inner balance.","frustration, mercy, justice",frustration,high,Decided to apply shanti to resolve the mercy vs justice.,Achieved a sense of clarity and purpose,general,Synthetically_Enhanced_IKS_Model
IKS_EXT_036,Draupadi,Mahabharata,struggling with addiction or bad habits,patience vs impulse,Agency,kshama,"Through kshama, one can navigate struggling with addiction or bad habits and restore inner balance.","despair, patience, impulse",despair,low,Decided to apply kshama to resolve the patience vs impulse.,Achieved a sense of clarity and purpose,general,Synthetically_Enhanced_IKS_Model
IKS_EXT_037,Drona,Mahabharata,facing ethical corruption in workplace,attachment vs detachment,Agency,satya,"Through satya, one can navigate facing ethical corruption in workplace and restore inner balance.","grief, attachment, detachment",grief,high,Decided to apply satya to resolve the attachment vs detachment.,Achieved a sense of clarity and purpose,general,Synthetically_Enhanced_IKS_Model
IKS_EXT_038,Kunti,Mahabharata,facing ethical corruption in workplace,patience vs impulse,Agency,viveka,"Through viveka, one can navigate facing ethical corruption in workplace and restore inner balance.","sadness, patience, impulse",sadness,medium,Decided to apply viveka to resolve the patience vs impulse.,Achieved a sense of clarity and purpose,general,Synthetically_Enhanced_IKS_Model
IKS_EXT_039,Karna,Mahabharata,feeling confused about career path,forgiveness vs anger,Goals,tapas,"Through tapas, one can navigate feeling confused about career path and restore inner balance.","helplessness, forgiveness, anger",helplessness,high,Decided to apply tapas to resolve the forgiveness vs anger.,Achieved a sense of clarity and purpose,general,Synthetically_Enhanced_IKS_Model
IKS_EXT_040,Kunti,Mahabharata,dealing with anger and revenge,fear vs courage,Agency,kshama,"Through kshama, one can navigate dealing with anger and revenge and restore inner balance.","anger, fear, courage",anger,high,Decided to apply kshama to resolve the fear vs courage.,Achieved a sense of clarity and purpose,general,Synthetically_Enhanced_IKS_Model
IKS_EXT_041,Kunti,Mahabharata,facing community isolation,non-violence vs self-defense,Goals,tapas,"Through tapas, one can navigate facing community isolation and restore inner balance.","despair, non-violence, self-defense",despair,high,Decided to apply tapas to resolve the non-violence vs self-defense.,Achieved a sense of clarity and purpose,general,Synthetically_Enhanced_IKS_Model
IKS_EXT_042,Karna,Mahabharata,coping with aging,duty vs personal gain,Pathways,dana,"Through dana, one can navigate coping with aging and restore inner balance.","despair, duty, personal gain",despair,high,Decided to apply dana to resolve the duty vs personal gain.,Achieved a sense of clarity and purpose,general,Synthetically_Enhanced_IKS_Model
IKS_EXT_043,Karna,Mahabharata,managing family conflicts,faith vs logic,Goals,vairagya,"Through vairagya, one can navigate managing family conflicts and restore inner balance.","helplessness, faith, logic",helplessness,medium,Decided to apply vairagya to resolve the faith vs logic.,Achieved a sense of clarity and purpose,general,Synthetically_Enhanced_IKS_Model
IKS_EXT_044,Yudhisthira,Mahabharata,feeling lonely in a crowd,forgiveness vs anger,Pathways,tapas,"Through tapas, one can navigate feeling lonely in a crowd and restore inner balance.","anxiety, forgiveness, anger",anxiety,low,Decided to apply tapas to resolve the forgiveness vs anger.,Achieved a sense of clarity and purpose,general,Synthetically_Enhanced_IKS_Model
IKS_EXT_045,Draupadi,Mahabharata,struggling with self-doubt,fear vs courage,Agency,ahimsa,"Through ahimsa, one can navigate struggling with self-doubt and restore inner balance.","helplessness, fear, courage",helplessness,medium,Decided to apply ahimsa to resolve the fear vs courage.,Achieved a sense of clarity and purpose,general,Synthetically_Enhanced_IKS_Model
IKS_EXT_046,Bhishma,Mahabharata,coping with aging,loyalty vs righteousness,Goals,shanti,"Through shanti, one can navigate coping with aging and restore inner balance.","despair, loyalty, righteousness",despair,medium,Decided to apply shanti to resolve the loyalty vs righteousness.,Achieved a sense of clarity and purpose,general,Synthetically_Enhanced_IKS_Model
IKS_EXT_047,Yudhisthira,Mahabharata,facing a loss of a loved one,attachment vs detachment,Agency,viveka,"Through viveka, one can navigate facing a loss of a loved one and restore inner balance.","grief, attachment, detachment",grief,low,Decided to apply viveka to resolve the attachment vs detachment.,Achieved a sense of clarity and purpose,general,Synthetically_Enhanced_IKS_Model
IKS_EXT_048,Drona,Mahabharata,facing a loss of a loved one,tradition vs innovation,Agency,satya,"Through satya, one can navigate facing a loss of a loved one and restore inner balance.","confusion, tradition, innovation",confusion,high,Decided to apply satya to resolve the tradition vs innovation.,Achieved a sense of clarity and purpose,general,Synthetically_Enhanced_IKS_Model
IKS_EXT_049,Drona,Mahabharata,balancing personal growth with social duty,ambition vs contentment,Pathways,bhakti,"Through bhakti, one can navigate balancing personal growth with social duty and restore inner balance.","grief, ambition, contentment",grief,high,Decided to apply bhakti to resolve the ambition vs contentment.,Achieved a sense of clarity and purpose,general,Synthetically_Enhanced_IKS_Model
IKS_EXT_050,Kunti,Mahabharata,dealing with unrequited efforts,loyalty vs righteousness,Agency,daya,"Through daya, one can navigate dealing with unrequited efforts and restore inner balance.","moral tension, loyalty, righteousness",moral tension,high,Decided to apply daya to resolve the loyalty vs righteousness.,Achieved a sense of clarity and purpose,general,Synthetically_Enhanced_IKS_Model
IKS_EXT_051,Draupadi,Mahabharata,overcoming fear of death,mercy vs justice,Goals,ahimsa,"Through ahimsa, one can navigate overcoming fear of death and restore inner balance.","despair, mercy, justice",despair,low,Decided to apply ahimsa to resolve the mercy vs justice.,Achieved a sense of clarity and purpose,general,Synthetically_Enhanced_IKS_Model
IKS_EXT_052,Bhishma,Mahabharata,dealing with unrequited efforts,integrity vs shortcut,Pathways,dana,"Through dana, one can navigate dealing with unrequited efforts and restore inner balance.","fear, integrity, shortcut",fear,high,Decided to apply dana to resolve the integrity vs shortcut.,Achieved a sense of clarity and purpose,general,Synthetically_Enhanced_IKS_Model
IKS_EXT_053,Draupadi,Mahabharata,struggling with lack of resources,attachment vs detachment,Pathways,karma yoga,"Through karma yoga, one can navigate struggling with lack of resources and restore inner balance.","fear, attachment, detachment",fear,high,Decided to apply karma yoga to resolve the attachment vs detachment.,Achieved a sense of clarity and purpose,general,Synthetically_Enhanced_IKS_Model
IKS_EXT_054,Arjuna,Mahabharata,dealing with anger and revenge,loyalty vs righteousness,Agency,bhakti,"Through bhakti, one can navigate dealing with anger and revenge and restore inner balance.","anger, loyalty, righteousness",anger,medium,Decided to apply bhakti to resolve the loyalty vs righteousness.,Achieved a sense of clarity and purpose,general,Synthetically_Enhanced_IKS_Model
IKS_EXT_055,Kunti,Mahabharata,struggling with addiction or bad habits,loyalty vs righteousness,Agency,dana,"Through dana, one can navigate struggling with addiction or bad habits and restore inner balance.","sadness, loyalty, righteousness",sadness,medium,Decided to apply dana to resolve the loyalty vs righteousness.,Achieved a sense of clarity and purpose,general,Synthetically_Enhanced_IKS_Model
IKS_EXT_056,Arjuna,Mahabharata,facing social discrimination,forgiveness vs anger,Agency,satya,"Through satya, one can navigate facing social discrimination and restore inner balance.","frustration, forgiveness, anger",frustration,medium,Decided to apply satya to resolve the forgiveness vs anger.,Achieved a sense of clarity and purpose,general,Synthetically_Enhanced_IKS_Model
IKS_EXT_057,Draupadi,Mahabharata,facing betrayal by a friend,mercy vs justice,Goals,dharma,"Through dharma, one can navigate facing betrayal by a friend and restore inner balance.","despair, mercy, justice",despair,medium,Decided to apply dharma to resolve the mercy vs justice.,Achieved a sense of clarity and purpose,general,Synthetically_Enhanced_IKS_Model
IKS_EXT_058,Drona,Mahabharata,feeling confused about career path,integrity vs shortcut,Goals,vairagya,"Through vairagya, one can navigate feeling confused about career path and restore inner balance.","grief, integrity, shortcut",grief,medium,Decided to apply vairagya to resolve the integrity vs shortcut.,Achieved a sense of clarity and purpose,general,Synthetically_Enhanced_IKS_Model
IKS_EXT_059,Draupadi,Mahabharata,overcoming traumatic past,ambition vs contentment,Goals,daya,"Through daya, one can navigate overcoming traumatic past and restore inner balance.","confusion, ambition, contentment",confusion,medium,Decided to apply daya to resolve the ambition vs contentment.,Achieved a sense of clarity and purpose,general,Synthetically_Enhanced_IKS_Model
IKS_EXT_060,Karna,Mahabharata,overcoming procrastination,ambition vs contentment,Goals,shanti,"Through shanti, one can navigate overcoming procrastination and restore inner balance.","confusion, ambition, contentment",confusion,medium,Decided to apply shanti to resolve the ambition vs contentment.,Achieved a sense of clarity and purpose,general,Synthetically_Enhanced_IKS_Model
IKS_EXT_061,Vidura,Mahabharata,experiencing a crisis of faith,self-interest vs social good,Pathways,kshama,"Through kshama, one can navigate experiencing a crisis of faith and restore inner balance.","confusion, self-interest, social good",confusion,high,Decided to apply kshama to resolve the self-interest vs social good.,Achieved a sense of clarity and purpose,general,Synthetically_Enhanced_IKS_Model
IKS_EXT_062,Bhishma,Mahabharata,feeling confused about career path,patience vs impulse,Goals,dharma,"Through dharma, one can navigate feeling confused about career path and restore inner balance.","confusion, patience, impulse",confusion,medium,Decided to apply dharma to resolve the patience vs impulse.,Achieved a sense of clarity and purpose,general,Synthetically_Enhanced_IKS_Model
IKS_EXT_063,Draupadi,Mahabharata,seeking purpose in life,non-violence vs self-defense,Pathways,dana,"Through dana, one can navigate seeking purpose in life and restore inner balance.","moral tension, non-violence, self-defense",moral tension,high,Decided to apply dana to resolve the non-violence vs self-defense.,Achieved a sense of clarity and purpose,general,Synthetically_Enhanced_IKS_Model
IKS_EXT_064,Kunti,Mahabharata,balancing personal growth with social duty,mercy vs justice,Goals,karma yoga,"Through karma yoga, one can navigate balancing personal growth with social duty and restore inner balance.","fear, mercy, justice",fear,low,Decided to apply karma yoga to resolve the mercy vs justice.,Achieved a sense of clarity and purpose,general,Synthetically_Enhanced_IKS_Model
IKS_EXT_065,Vidura,Mahabharata,coping with aging,ambition vs contentment,Pathways,daya,"Through daya, one can navigate coping with aging and restore inner balance.","fear, ambition, contentment",fear,high,Decided to apply daya to resolve the ambition vs contentment.,Achieved a sense of clarity and purpose,general,Synthetically_Enhanced_IKS_Model
IKS_EXT_066,Arjuna,Mahabharata,struggling with lack of resources,forgiveness vs anger,Pathways,dana,"Through dana, one can navigate struggling with lack of resources and restore inner balance.","helplessness, forgiveness, anger",helplessness,high,Decided to apply dana to resolve the forgiveness vs anger.,Achieved a sense of clarity and purpose,general,Synthetically_Enhanced_IKS_Model
IKS_EXT_067,Vidura,Mahabharata,struggling with poverty,non-violence vs self-defense,Agency,viveka,"Through viveka, one can navigate struggling with poverty and restore inner balance.","confusion, non-violence, self-defense",confusion,high,Decided to apply viveka to resolve the non-violence vs self-defense.,Achieved a sense of clarity and purpose,general,Synthetically_Enhanced_IKS_Model
IKS_EXT_068,Karna,Mahabharata,struggling with self-doubt,non-violence vs self-defense,Goals,satya,"Through satya, one can navigate struggling with self-doubt and restore inner balance.","moral tension, non-violence, self-defense",moral tension,high,Decided to apply satya to resolve the non-violence vs self-defense.,Achieved a sense of clarity and purpose,general,Synthetically_Enhanced_IKS_Model
IKS_EXT_069,Kunti,Mahabharata,balancing personal growth with social duty,ambition vs contentment,Agency,vairagya,"Through vairagya, one can navigate balancing personal growth with social duty and restore inner balance.","moral tension, ambition, contentment",moral tension,low,Decided to apply vairagya to resolve the ambition vs contentment.,Achieved a sense of clarity and purpose,general,Synthetically_Enhanced_IKS_Model
IKS_EXT_070,Arjuna,Mahabharata,facing injustice from authority,attachment vs detachment,Agency,kshama,"Through kshama, one can navigate facing injustice from authority and restore inner balance.","moral tension, attachment, detachment",moral tension,low,Decided to apply kshama to resolve the attachment vs detachment.,Achieved a sense of clarity and purpose,general,Synthetically_Enhanced_IKS_Model
IKS_EXT_071,Draupadi,Mahabharata,struggling with lack of resources,ambition vs contentment,Agency,tapas,"Through tapas, one can navigate struggling with lack of resources and restore inner balance.","confusion, ambition, contentment",confusion,medium,Decided to apply tapas to resolve the ambition vs contentment.,Achieved a sense of clarity and purpose,general,Synthetically_Enhanced_IKS_Model
IKS_EXT_072,Kunti,Mahabharata,handling success and ego,self-interest vs social good,Pathways,satya,"Through satya, one can navigate handling success and ego and restore inner balance.","despair, self-interest, social good",despair,low,Decided to apply satya to resolve the self-interest vs social good.,Achieved a sense of clarity and purpose,general,Synthetically_Enhanced_IKS_Model
IKS_EXT_073,Bhishma,Mahabharata,dealing with public humiliation,ambition vs contentment,Pathways,karma yoga,"Through karma yoga, one can navigate dealing with public humiliation and restore inner balance.","sadness, ambition, contentment",sadness,high,Decided to apply karma yoga to resolve the ambition vs contentment.,Achieved a sense of clarity and purpose,general,Synthetically_Enhanced_IKS_Model
IKS_EXT_074,Vidura,Mahabharata,dealing with physical illness,mercy vs justice,Agency,dana,"Through dana, one can navigate dealing with physical illness and restore inner balance.","frustration, mercy, justice",frustration,high,Decided to apply dana to resolve the mercy vs justice.,Achieved a sense of clarity and purpose,general,Synthetically_Enhanced_IKS_Model
IKS_EXT_075,Kunti,Mahabharata,feeling lonely in a crowd,patience vs impulse,Pathways,viveka,"Through viveka, one can navigate feeling lonely in a crowd and restore inner balance.","despair, patience, impulse",despair,medium,Decided to apply viveka to resolve the patience vs impulse.,Achieved a sense of clarity and purpose,general,Synthetically_Enhanced_IKS_Model
IKS_EXT_076,Vidura,Mahabharata,overcoming traumatic past,loyalty vs righteousness,Agency,shanti,"Through shanti, one can navigate overcoming traumatic past and restore inner balance.","moral tension, loyalty, righteousness",moral tension,high,Decided to apply shanti to resolve the loyalty vs righteousness.,Achieved a sense of clarity and purpose,general,Synthetically_Enhanced_IKS_Model
IKS_EXT_077,Drona,Mahabharata,dealing with public humiliation,patience vs impulse,Pathways,bhakti,"Through bhakti, one can navigate dealing with public humiliation and restore inner balance.","sadness, patience, impulse",sadness,high,Decided to apply bhakti to resolve the patience vs impulse.,Achieved a sense of clarity and purpose,general,Synthetically_Enhanced_IKS_Model
IKS_EXT_078,Drona,Mahabharata,overcoming fear of death,tradition vs innovation,Pathways,ahimsa,"Through ahimsa, one can navigate overcoming fear of death and restore inner balance.","grief, tradition, innovation",grief,high,Decided to apply ahimsa to resolve the tradition vs innovation.,Achieved a sense of clarity and purpose,general,Synthetically_Enhanced_IKS_Model
IKS_EXT_079,Drona,Mahabharata,facing exhaustion and burnout,faith vs logic,Agency,bhakti,"Through bhakti, one can navigate facing exhaustion and burnout and restore inner balance.","anxiety, faith, logic",anxiety,low,Decided to apply bhakti to resolve the faith vs logic.,Achieved a sense of clarity and purpose,general,Synthetically_Enhanced_IKS_Model
IKS_EXT_080,Arjuna,Mahabharata,dealing with physical illness,faith vs logic,Goals,satya,"Through satya, one can navigate dealing with physical illness and restore inner balance.","frustration, faith, logic",frustration,high,Decided to apply satya to resolve the faith vs logic.,Achieved a sense of clarity and purpose,general,Synthetically_Enhanced_IKS_Model
IKS_EXT_081,Bhishma,Mahabharata,overcoming traumatic past,faith vs logic,Agency,kshama,"Through kshama, one can navigate overcoming traumatic past and restore inner balance.","anger, faith, logic",anger,medium,Decided to apply kshama to resolve the faith vs logic.,Achieved a sense of clarity and purpose,general,Synthetically_Enhanced_IKS_Model
IKS_EXT_082,Draupadi,Mahabharata,struggling with self-doubt,mercy vs justice,Goals,kshama,"Through kshama, one can navigate struggling with self-doubt and restore inner balance.","anxiety, mercy, justice",anxiety,high,Decided to apply kshama to resolve the mercy vs justice.,Achieved a sense of clarity and purpose,general,Synthetically_Enhanced_IKS_Model
IKS_EXT_083,Kunti,Mahabharata,facing betrayal by a friend,integrity vs shortcut,Pathways,dharma,"Through dharma, one can navigate facing betrayal by a friend and restore inner balance.","frustration, integrity, shortcut",frustration,low,Decided to apply dharma to resolve the integrity vs shortcut.,Achieved a sense of clarity and purpose,general,Synthetically_Enhanced_IKS_Model
IKS_EXT_084,Vidura,Mahabharata,feeling confused about career path,attachment vs detachment,Agency,satya,"Through satya, one can navigate feeling confused about career path and restore inner balance.","helplessness, attachment, detachment",helplessness,medium,Decided to apply satya to resolve the attachment vs detachment.,Achieved a sense of clarity and purpose,general,Synthetically_Enhanced_IKS_Model
IKS_EXT_085,Draupadi,Mahabharata,dealing with anger and revenge,loyalty vs righteousness,Agency,kshama,"Through kshama, one can navigate dealing with anger and revenge and restore inner balance.","frustration, loyalty, righteousness",frustration,low,Decided to apply kshama to resolve the loyalty vs righteousness.,Achieved a sense of clarity and purpose,general,Synthetically_Enhanced_IKS_Model
IKS_EXT_086,Arjuna,Mahabharata,overcoming traumatic past,faith vs logic,Goals,dharma,"Through dharma, one can navigate overcoming traumatic past and restore inner balance.","despair, faith, logic",despair,high,Decided to apply dharma to resolve the faith vs logic.,Achieved a sense of clarity and purpose,general,Synthetically_Enhanced_IKS_Model
IKS_EXT_087,Draupadi,Mahabharata,facing social discrimination,faith vs logic,Goals,tapas,"Through tapas, one can navigate facing social discrimination and restore inner balance.","helplessness, faith, logic",helplessness,low,Decided to apply tapas to resolve the faith vs logic.,Achieved a sense of clarity and purpose,general,Synthetically_Enhanced_IKS_Model
IKS_EXT_088,Vidura,Mahabharata,dealing with physical illness,non-violence vs self-defense,Goals,karma yoga,"Through karma yoga, one can navigate dealing with physical illness and restore inner balance.","fear, non-violence, self-defense",fear,medium,Decided to apply karma yoga to resolve the non-violence vs self-defense.,Achieved a sense of clarity and purpose,general,Synthetically_Enhanced_IKS_Model
IKS_EXT_089,Vidura,Mahabharata,dealing with professional failure,attachment vs detachment,Agency,bhakti,"Through bhakti, one can navigate dealing with professional failure and restore inner balance.","anger, attachment, detachment",anger,low,Decided to apply bhakti to resolve the attachment vs detachment.,Achieved a sense of clarity and purpose,general,Synthetically_Enhanced_IKS_Model
IKS_EXT_090,Drona,Mahabharata,facing injustice from authority,attachment vs detachment,Pathways,ahimsa,"Through ahimsa, one can navigate facing injustice from authority and restore inner balance.","fear, attachment, detachment",fear,low,Decided to apply ahimsa to resolve the attachment vs detachment.,Achieved a sense of clarity and purpose,general,Synthetically_Enhanced_IKS_Model
IKS_EXT_091,Bhishma,Mahabharata,dealing with anger and revenge,truth vs convenience,Agency,tapas,"Through tapas, one can navigate dealing with anger and revenge and restore inner balance.","confusion, truth, convenience",confusion,high,Decided to apply tapas to resolve the truth vs convenience.,Achieved a sense of clarity and purpose,general,Synthetically_Enhanced_IKS_Model
IKS_EXT_092,Arjuna,Mahabharata,coping with aging,non-violence vs self-defense,Pathways,ahimsa,"Through ahimsa, one can navigate coping with aging and restore inner balance.","anxiety, non-violence, self-defense",anxiety,low,Decided to apply ahimsa to resolve the non-violence vs self-defense.,Achieved a sense of clarity and purpose,general,Synthetically_Enhanced_IKS_Model
IKS_EXT_093,Draupadi,Mahabharata,seeking purpose in life,integrity vs shortcut,Goals,dharma,"Through dharma, one can navigate seeking purpose in life and restore inner balance.","helplessness, integrity, shortcut",helplessness,low,Decided to apply dharma to resolve the integrity vs shortcut.,Achieved a sense of clarity and purpose,general,Synthetically_Enhanced_IKS_Model
IKS_EXT_094,Vidura,Mahabharata,handling jealousy and envy,patience vs impulse,Agency,tapas,"Through tapas, one can navigate handling jealousy and envy and restore inner balance.","anger, patience, impulse",anger,medium,Decided to apply tapas to resolve the patience vs impulse.,Achieved a sense of clarity and purpose,general,Synthetically_Enhanced_IKS_Model
IKS_EXT_095,Yudhisthira,Mahabharata,feeling lonely in a crowd,patience vs impulse,Agency,bhakti,"Through bhakti, one can navigate feeling lonely in a crowd and restore inner balance.","sadness, patience, impulse",sadness,low,Decided to apply bhakti to resolve the patience vs impulse.,Achieved a sense of clarity and purpose,general,Synthetically_Enhanced_IKS_Model
IKS_EXT_096,Kunti,Mahabharata,struggling with poverty,mercy vs justice,Agency,satya,"Through satya, one can navigate struggling with poverty and restore inner balance.","frustration, mercy, justice",frustration,high,Decided to apply satya to resolve the mercy vs justice.,Achieved a sense of clarity and purpose,general,Synthetically_Enhanced_IKS_Model
IKS_EXT_097,Bhishma,Mahabharata,dealing with financial debt,truth vs convenience,Goals,daya,"Through daya, one can navigate dealing with financial debt and restore inner balance.","frustration, truth, convenience",frustration,medium,Decided to apply daya to resolve the truth vs convenience.,Achieved a sense of clarity and purpose,general,Synthetically_Enhanced_IKS_Model
IKS_EXT_098,Yudhisthira,Mahabharata,facing injustice from authority,non-violence vs self-defense,Agency,daya,"Through daya, one can navigate facing injustice from authority and restore inner balance.","moral tension, non-violence, self-defense",moral tension,medium,Decided to apply daya to resolve the non-violence vs self-defense.,Achieved a sense of clarity and purpose,general,Synthetically_Enhanced_IKS_Model
IKS_EXT_099,Kunti,Mahabharata,overcoming procrastination,loyalty vs righteousness,Agency,satya,"Through satya, one can navigate overcoming procrastination and restore inner balance.","frustration, loyalty, righteousness",frustration,high,Decided to apply satya to resolve the loyalty vs righteousness.,Achieved a sense of clarity and purpose,general,Synthetically_Enhanced_IKS_Model
IKS_EXT_100,Karna,Mahabharata,facing a moral dilemma between family and duty,patience vs impulse,Agency,vairagya,"Through vairagya, one can navigate facing a moral dilemma between family and duty and restore inner balance.","moral tension, patience, impulse",moral tension,low,Decided to apply vairagya to resolve the patience vs impulse.,Achieved a sense of clarity and purpose,general,Synthetically_Enhanced_IKS_Model
IKS_EXT_101,Sita,Ramayana,dealing with anger and revenge,duty vs personal gain,Pathways,bhakti,"Through bhakti, one can navigate dealing with anger and revenge and restore inner balance.","frustration, duty, personal gain",frustration,low,Decided to apply bhakti to resolve the duty vs personal gain.,Achieved a sense of clarity and purpose,general,Synthetically_Enhanced_IKS_Model
IKS_EXT_102,Bharata,Ramayana,facing ethical corruption in workplace,faith vs logic,Pathways,viveka,"Through viveka, one can navigate facing ethical corruption in workplace and restore inner balance.","helplessness, faith, logic",helplessness,low,Decided to apply viveka to resolve the faith vs logic.,Achieved a sense of clarity and purpose,general,Synthetically_Enhanced_IKS_Model
IKS_EXT_103,Lakshmana,Ramayana,dealing with professional failure,forgiveness vs anger,Agency,vairagya,"Through vairagya, one can navigate dealing with professional failure and restore inner balance.","despair, forgiveness, anger",despair,medium,Decided to apply vairagya to resolve the forgiveness vs anger.,Achieved a sense of clarity and purpose,general,Synthetically_Enhanced_IKS_Model
IKS_EXT_104,Rama,Ramayana,dealing with anger and revenge,hard work vs luck,Pathways,dana,"Through dana, one can navigate dealing with anger and revenge and restore inner balance.","grief, hard work, luck",grief,high,Decided to apply dana to resolve the hard work vs luck.,Achieved a sense of clarity and purpose,general,Synthetically_Enhanced_IKS_Model
IKS_EXT_105,Bharata,Ramayana,managing family conflicts,self-interest vs social good,Pathways,karma yoga,"Through karma yoga, one can navigate managing family conflicts and restore inner balance.","frustration, self-interest, social good",frustration,high,Decided to apply karma yoga to resolve the self-interest vs social good.,Achieved a sense of clarity and purpose,general,Synthetically_Enhanced_IKS_Model
IKS_EXT_106,Lakshmana,Ramayana,dealing with public humiliation,fear vs courage,Goals,dharma,"Through dharma, one can navigate dealing with public humiliation and restore inner balance.","helplessness, fear, courage",helplessness,low,Decided to apply dharma to resolve the fear vs courage.,Achieved a sense of clarity and purpose,general,Synthetically_Enhanced_IKS_Model
IKS_EXT_107,Sita,Ramayana,facing betrayal by a friend,ambition vs contentment,Goals,dharma,"Through dharma, one can navigate facing betrayal by a friend and restore inner balance.","anxiety, ambition, contentment",anxiety,low,Decided to apply dharma to resolve the ambition vs contentment.,Achieved a sense of clarity and purpose,general,Synthetically_Enhanced_IKS_Model
IKS_EXT_108,Hanuman,Ramayana,coping with aging,hard work vs luck,Pathways,dharma,"Through dharma, one can navigate coping with aging and restore inner balance.","anxiety, hard work, luck",anxiety,medium,Decided to apply dharma to resolve the hard work vs luck.,Achieved a sense of clarity and purpose,general,Synthetically_Enhanced_IKS_Model
IKS_EXT_109,Sugriva,Ramayana,handling jealousy and envy,non-violence vs self-defense,Agency,bhakti,"Through bhakti, one can navigate handling jealousy and envy and restore inner balance.","anger, non-violence, self-defense",anger,medium,Decided to apply bhakti to resolve the non-violence vs self-defense.,Achieved a sense of clarity and purpose,general,Synthetically_Enhanced_IKS_Model
IKS_EXT_110,Vibhishana,Ramayana,coping with aging,tradition vs innovation,Pathways,tapas,"Through tapas, one can navigate coping with aging and restore inner balance.","sadness, tradition, innovation",sadness,high,Decided to apply tapas to resolve the tradition vs innovation.,Achieved a sense of clarity and purpose,general,Synthetically_Enhanced_IKS_Model
IKS_EXT_111,Bharata,Ramayana,facing ethical corruption in workplace,truth vs convenience,Agency,tapas,"Through tapas, one can navigate facing ethical corruption in workplace and restore inner balance.","anxiety, truth, convenience",anxiety,high,Decided to apply tapas to resolve the truth vs convenience.,Achieved a sense of clarity and purpose,general,Synthetically_Enhanced_IKS_Model
IKS_EXT_112,Bharata,Ramayana,facing a loss of a loved one,self-interest vs social good,Pathways,satya,"Through satya, one can navigate facing a loss of a loved one and restore inner balance.","frustration, self-interest, social good",frustration,high,Decided to apply satya to resolve the self-interest vs social good.,Achieved a sense of clarity and purpose,general,Synthetically_Enhanced_IKS_Model
IKS_EXT_113,Lakshmana,Ramayana,struggling with addiction or bad habits,hard work vs luck,Goals,shanti,"Through shanti, one can navigate struggling with addiction or bad habits and restore inner balance.","grief, hard work, luck",grief,medium,Decided to apply shanti to resolve the hard work vs luck.,Achieved a sense of clarity and purpose,general,Synthetically_Enhanced_IKS_Model
IKS_EXT_114,Vibhishana,Ramayana,facing exhaustion and burnout,hard work vs luck,Pathways,tapas,"Through tapas, one can navigate facing exhaustion and burnout and restore inner balance.","confusion, hard work, luck",confusion,low,Decided to apply tapas to resolve the hard work vs luck.,Achieved a sense of clarity and purpose,general,Synthetically_Enhanced_IKS_Model
IKS_EXT_115,Bharata,Ramayana,overcoming procrastination,non-violence vs self-defense,Pathways,tapas,"Through tapas, one can navigate overcoming procrastination and restore inner balance.","anxiety, non-violence, self-defense",anxiety,low,Decided to apply tapas to resolve the non-violence vs self-defense.,Achieved a sense of clarity and purpose,general,Synthetically_Enhanced_IKS_Model
IKS_EXT_116,Sugriva,Ramayana,dealing with physical illness,non-violence vs self-defense,Agency,shanti,"Through shanti, one can navigate dealing with physical illness and restore inner balance.","confusion, non-violence, self-defense",confusion,medium,Decided to apply shanti to resolve the non-violence vs self-defense.,Achieved a sense of clarity and purpose,general,Synthetically_Enhanced_IKS_Model
IKS_EXT_117,Lakshmana,Ramayana,struggling with addiction or bad habits,truth vs convenience,Pathways,viveka,"Through viveka, one can navigate struggling with addiction or bad habits and restore inner balance.","fear, truth, convenience",fear,high,Decided to apply viveka to resolve the truth vs convenience.,Achieved a sense of clarity and purpose,general,Synthetically_Enhanced_IKS_Model
IKS_EXT_118,Jatayu,Ramayana,facing exhaustion and burnout,loyalty vs righteousness,Pathways,bhakti,"Through bhakti, one can navigate facing exhaustion and burnout and restore inner balance.","anger, loyalty, righteousness",anger,low,Decided to apply bhakti to resolve the loyalty vs righteousness.,Achieved a sense of clarity and purpose,general,Synthetically_Enhanced_IKS_Model
IKS_EXT_119,Sita,Ramayana,dealing with anger and revenge,truth vs convenience,Agency,bhakti,"Through bhakti, one can navigate dealing with anger and revenge and restore inner balance.","helplessness, truth, convenience",helplessness,high,Decided to apply bhakti to resolve the truth vs convenience.,Achieved a sense of clarity and purpose,general,Synthetically_Enhanced_IKS_Model
IKS_EXT_120,Jatayu,Ramayana,facing community isolation,loyalty vs righteousness,Agency,dana,"Through dana, one can navigate facing community isolation and restore inner balance.","grief, loyalty, righteousness",grief,medium,Decided to apply dana to resolve the loyalty vs righteousness.,Achieved a sense of clarity and purpose,general,Synthetically_Enhanced_IKS_Model
IKS_EXT_121,Bharata,Ramayana,handling jealousy and envy,fear vs courage,Agency,satya,"Through satya, one can navigate handling jealousy and envy and restore inner balance.","fear, fear, courage",fear,medium,Decided to apply satya to resolve the fear vs courage.,Achieved a sense of clarity and purpose,general,Synthetically_Enhanced_IKS_Model
IKS_EXT_122,Sita,Ramayana,struggling with lack of resources,mercy vs justice,Goals,bhakti,"Through bhakti, one can navigate struggling with lack of resources and restore inner balance.","grief, mercy, justice",grief,medium,Decided to apply bhakti to resolve the mercy vs justice.,Achieved a sense of clarity and purpose,general,Synthetically_Enhanced_IKS_Model
IKS_EXT_123,Vibhishana,Ramayana,facing injustice from authority,hard work vs luck,Agency,karma yoga,"Through karma yoga, one can navigate facing injustice from authority and restore inner balance.","anxiety, hard work, luck",anxiety,high,Decided to apply karma yoga to resolve the hard work vs luck.,Achieved a sense of clarity and purpose,general,Synthetically_Enhanced_IKS_Model
IKS_EXT_124,Lakshmana,Ramayana,struggling with self-doubt,forgiveness vs anger,Goals,karma yoga,"Through karma yoga, one can navigate struggling with self-doubt and restore inner balance.","anger, forgiveness, anger",anger,medium,Decided to apply karma yoga to resolve the forgiveness vs anger.,Achieved a sense of clarity and purpose,general,Synthetically_Enhanced_IKS_Model
IKS_EXT_125,Sugriva,Ramayana,feeling confused about career path,patience vs impulse,Agency,ahimsa,"Through ahimsa, one can navigate feeling confused about career path and restore inner balance.","frustration, patience, impulse",frustration,medium,Decided to apply ahimsa to resolve the patience vs impulse.,Achieved a sense of clarity and purpose,general,Synthetically_Enhanced_IKS_Model
IKS_EXT_126,Bharata,Ramayana,facing a loss of a loved one,hard work vs luck,Goals,karma yoga,"Through karma yoga, one can navigate facing a loss of a loved one and restore inner balance.","sadness, hard work, luck",sadness,high,Decided to apply karma yoga to resolve the hard work vs luck.,Achieved a sense of clarity and purpose,general,Synthetically_Enhanced_IKS_Model
IKS_EXT_127,Hanuman,Ramayana,facing ethical corruption in workplace,non-violence vs self-defense,Agency,kshama,"Through kshama, one can navigate facing ethical corruption in workplace and restore inner balance.","helplessness, non-violence, self-defense",helplessness,low,Decided to apply kshama to resolve the non-violence vs self-defense.,Achieved a sense of clarity and purpose,general,Synthetically_Enhanced_IKS_Model
IKS_EXT_128,Jatayu,Ramayana,dealing with professional failure,truth vs convenience,Pathways,viveka,"Through viveka, one can navigate dealing with professional failure and restore inner balance.","frustration, truth, convenience",frustration,medium,Decided to apply viveka to resolve the truth vs convenience.,Achieved a sense of clarity and purpose,general,Synthetically_Enhanced_IKS_Model
IKS_EXT_129,Vibhishana,Ramayana,dealing with financial debt,truth vs convenience,Goals,satya,"Through satya, one can navigate dealing with financial debt and restore inner balance.","confusion, truth, convenience",confusion,high,Decided to apply satya to resolve the truth vs convenience.,Achieved a sense of clarity and purpose,general,Synthetically_Enhanced_IKS_Model
IKS_EXT_130,Hanuman,Ramayana,facing community isolation,duty vs personal gain,Agency,tapas,"Through tapas, one can navigate facing community isolation and restore inner balance.","moral tension, duty, personal gain",moral tension,low,Decided to apply tapas to resolve the duty vs personal gain.,Achieved a sense of clarity and purpose,general,Synthetically_Enhanced_IKS_Model
IKS_EXT_131,Rama,Ramayana,handling success and ego,faith vs logic,Agency,ahimsa,"Through ahimsa, one can navigate handling success and ego and restore inner balance.","moral tension, faith, logic",moral tension,low,Decided to apply ahimsa to resolve the faith vs logic.,Achieved a sense of clarity and purpose,general,Synthetically_Enhanced_IKS_Model
IKS_EXT_132,Bharata,Ramayana,handling success and ego,loyalty vs righteousness,Agency,shanti,"Through shanti, one can navigate handling success and ego and restore inner balance.","anxiety, loyalty, righteousness",anxiety,low,Decided to apply shanti to resolve the loyalty vs righteousness.,Achieved a sense of clarity and purpose,general,Synthetically_Enhanced_IKS_Model
IKS_EXT_133,Vibhishana,Ramayana,seeking purpose in life,truth vs convenience,Goals,dharma,"Through dharma, one can navigate seeking purpose in life and restore inner balance.","anxiety, truth, convenience",anxiety,low,Decided to apply dharma to resolve the truth vs convenience.,Achieved a sense of clarity and purpose,general,Synthetically_Enhanced_IKS_Model
IKS_EXT_134,Sugriva,Ramayana,overcoming traumatic past,fear vs courage,Goals,daya,"Through daya, one can navigate overcoming traumatic past and restore inner balance.","despair, fear, courage",despair,high,Decided to apply daya to resolve the fear vs courage.,Achieved a sense of clarity and purpose,general,Synthetically_Enhanced_IKS_Model
IKS_EXT_135,Jatayu,Ramayana,dealing with unrequited efforts,integrity vs shortcut,Goals,satya,"Through satya, one can navigate dealing with unrequited efforts and restore inner balance.","fear, integrity, shortcut",fear,low,Decided to apply satya to resolve the integrity vs shortcut.,Achieved a sense of clarity and purpose,general,Synthetically_Enhanced_IKS_Model
IKS_EXT_136,Sita,Ramayana,struggling with lack of resources,fear vs courage,Agency,dharma,"Through dharma, one can navigate struggling with lack of resources and restore inner balance.","fear, fear, courage",fear,medium,Decided to apply dharma to resolve the fear vs courage.,Achieved a sense of clarity and purpose,general,Synthetically_Enhanced_IKS_Model
IKS_EXT_137,Jatayu,Ramayana,struggling with addiction or bad habits,faith vs logic,Goals,ahimsa,"Through ahimsa, one can navigate struggling with addiction or bad habits and restore inner balance.","anxiety, faith, logic",anxiety,high,Decided to apply ahimsa to resolve the faith vs logic.,Achieved a sense of clarity and purpose,general,Synthetically_Enhanced_IKS_Model
IKS_EXT_138,Bharata,Ramayana,handling jealousy and envy,duty vs personal gain,Goals,dana,"Through dana, one can navigate handling jealousy and envy and restore inner balance.","helplessness, duty, personal gain",helplessness,medium,Decided to apply dana to resolve the duty vs personal gain.,Achieved a sense of clarity and purpose,general,Synthetically_Enhanced_IKS_Model
IKS_EXT_139,Bharata,Ramayana,overcoming procrastination,duty vs personal gain,Pathways,dana,"Through dana, one can navigate overcoming procrastination and restore inner balance.","grief, duty, personal gain",grief,low,Decided to apply dana to resolve the duty vs personal gain.,Achieved a sense of clarity and purpose,general,Synthetically_Enhanced_IKS_Model
IKS_EXT_140,Sugriva,Ramayana,facing social discrimination,hard work vs luck,Goals,vairagya,"Through vairagya, one can navigate facing social discrimination and restore inner balance.","fear, hard work, luck",fear,high,Decided to apply vairagya to resolve the hard work vs luck.,Achieved a sense of clarity and purpose,general,Synthetically_Enhanced_IKS_Model
IKS_EXT_141,Sugriva,Ramayana,overcoming fear of death,ambition vs contentment,Agency,satya,"Through satya, one can navigate overcoming fear of death and restore inner balance.","sadness, ambition, contentment",sadness,high,Decided to apply satya to resolve the ambition vs contentment.,Achieved a sense of clarity and purpose,general,Synthetically_Enhanced_IKS_Model
IKS_EXT_142,Sita,Ramayana,seeking purpose in life,duty vs personal gain,Agency,shanti,"Through shanti, one can navigate seeking purpose in life and restore inner balance.","moral tension, duty, personal gain",moral tension,low,Decided to apply shanti to resolve the duty vs personal gain.,Achieved a sense of clarity and purpose,general,Synthetically_Enhanced_IKS_Model
IKS_EXT_143,Hanuman,Ramayana,struggling with lack of resources,attachment vs detachment,Goals,kshama,"Through kshama, one can navigate struggling with lack of resources and restore inner balance.","sadness, attachment, detachment",sadness,low,Decided to apply kshama to resolve the attachment vs detachment.,Achieved a sense of clarity and purpose,general,Synthetically_Enhanced_IKS_Model
IKS_EXT_144,Sugriva,Ramayana,facing a moral dilemma between family and duty,loyalty vs righteousness,Goals,ahimsa,"Through ahimsa, one can navigate facing a moral dilemma between family and duty and restore inner balance.","anger, loyalty, righteousness",anger,medium,Decided to apply ahimsa to resolve the loyalty vs righteousness.,Achieved a sense of clarity and purpose,general,Synthetically_Enhanced_IKS_Model
IKS_EXT_145,Vibhishana,Ramayana,struggling with lack of resources,faith vs logic,Pathways,shanti,"Through shanti, one can navigate struggling with lack of resources and restore inner balance.","despair, faith, logic",despair,low,Decided to apply shanti to resolve the faith vs logic.,Achieved a sense of clarity and purpose,general,Synthetically_Enhanced_IKS_Model
IKS_EXT_146,Vibhishana,Ramayana,dealing with unrequited efforts,fear vs courage,Goals,ahimsa,"Through ahimsa, one can navigate dealing with unrequited efforts and restore inner balance.","anger, fear, courage",anger,medium,Decided to apply ahimsa to resolve the fear vs courage.,Achieved a sense of clarity and purpose,general,Synthetically_Enhanced_IKS_Model
IKS_EXT_147,Hanuman,Ramayana,handling jealousy and envy,mercy vs justice,Pathways,shanti,"Through shanti, one can navigate handling jealousy and envy and restore inner balance.","frustration, mercy, justice",frustration,low,Decided to apply shanti to resolve the mercy vs justice.,Achieved a sense of clarity and purpose,general,Synthetically_Enhanced_IKS_Model
IKS_EXT_148,Hanuman,Ramayana,seeking purpose in life,faith vs logic,Pathways,karma yoga,"Through karma yoga, one can navigate seeking purpose in life and restore inner balance.","despair, faith, logic",despair,high,Decided to apply karma yoga to resolve the faith vs logic.,Achieved a sense of clarity and purpose,general,Synthetically_Enhanced_IKS_Model
IKS_EXT_149,Sita,Ramayana,facing social discrimination,duty vs personal gain,Pathways,bhakti,"Through bhakti, one can navigate facing social discrimination and restore inner balance.","sadness, duty, personal gain",sadness,medium,Decided to apply bhakti to resolve the duty vs personal gain.,Achieved a sense of clarity and purpose,general,Synthetically_Enhanced_IKS_Model
IKS_EXT_150,Sita,Ramayana,feeling confused about career path,self-interest vs social good,Agency,dharma,"Through dharma, one can navigate feeling confused about career path and restore inner balance.","despair, self-interest, social good",despair,medium,Decided to apply dharma to resolve the self-interest vs social good.,Achieved a sense of clarity and purpose,general,Synthetically_Enhanced_IKS_Model
IKS_EXT_151,Sugriva,Ramayana,dealing with physical illness,attachment vs detachment,Goals,ahimsa,"Through ahimsa, one can navigate dealing with physical illness and restore inner balance.","sadness, attachment, detachment",sadness,high,Decided to apply ahimsa to resolve the attachment vs detachment.,Achieved a sense of clarity and purpose,general,Synthetically_Enhanced_IKS_Model
IKS_EXT_152,Sugriva,Ramayana,facing a moral dilemma between family and duty,attachment vs detachment,Pathways,shanti,"Through shanti, one can navigate facing a moral dilemma between family and duty and restore inner balance.","fear, attachment, detachment",fear,medium,Decided to apply shanti to resolve the attachment vs detachment.,Achieved a sense of clarity and purpose,general,Synthetically_Enhanced_IKS_Model
IKS_EXT_153,Hanuman,Ramayana,facing social discrimination,ambition vs contentment,Pathways,vairagya,"Through vairagya, one can navigate facing social discrimination and restore inner balance.","despair, ambition, contentment",despair,high,Decided to apply vairagya to resolve the ambition vs contentment.,Achieved a sense of clarity and purpose,general,Synthetically_Enhanced_IKS_Model
IKS_EXT_154,Hanuman,Ramayana,struggling with poverty,hard work vs luck,Pathways,viveka,"Through viveka, one can navigate struggling with poverty and restore inner balance.","confusion, hard work, luck",confusion,high,Decided to apply viveka to resolve the hard work vs luck.,Achieved a sense of clarity and purpose,general,Synthetically_Enhanced_IKS_Model
IKS_EXT_155,Lakshmana,Ramayana,facing betrayal by a friend,integrity vs shortcut,Agency,dana,"Through dana, one can navigate facing betrayal by a friend and restore inner balance.","frustration, integrity, shortcut",frustration,low,Decided to apply dana to resolve the integrity vs shortcut.,Achieved a sense of clarity and purpose,general,Synthetically_Enhanced_IKS_Model
IKS_EXT_156,Hanuman,Ramayana,facing a moral dilemma between family and duty,integrity vs shortcut,Goals,karma yoga,"Through karma yoga, one can navigate facing a moral dilemma between family and duty and restore inner balance.","frustration, integrity, shortcut",frustration,medium,Decided to apply karma yoga to resolve the integrity vs shortcut.,Achieved a sense of clarity and purpose,general,Synthetically_Enhanced_IKS_Model
IKS_EXT_157,Lakshmana,Ramayana,balancing personal growth with social duty,self-interest vs social good,Pathways,vairagya,"Through vairagya, one can navigate balancing personal growth with social duty and restore inner balance.","helplessness, self-interest, social good",helplessness,high,Decided to apply vairagya to resolve the self-interest vs social good.,Achieved a sense of clarity and purpose,general,Synthetically_Enhanced_IKS_Model
IKS_EXT_158,Rama,Ramayana,struggling with addiction or bad habits,integrity vs shortcut,Agency,ahimsa,"Through ahimsa, one can navigate struggling with addiction or bad habits and restore inner balance.","moral tension, integrity, shortcut",moral tension,low,Decided to apply ahimsa to resolve the integrity vs shortcut.,Achieved a sense of clarity and purpose,general,Synthetically_Enhanced_IKS_Model
IKS_EXT_159,Sita,Ramayana,seeking purpose in life,fear vs courage,Agency,dharma,"Through dharma, one can navigate seeking purpose in life and restore inner balance.","sadness, fear, courage",sadness,medium,Decided to apply dharma to resolve the fear vs courage.,Achieved a sense of clarity and purpose,general,Synthetically_Enhanced_IKS_Model
IKS_EXT_160,Hanuman,Ramayana,facing a loss of a loved one,tradition vs innovation,Goals,kshama,"Through kshama, one can navigate facing a loss of a loved one and restore inner balance.","fear, tradition, innovation",fear,high,Decided to apply kshama to resolve the tradition vs innovation.,Achieved a sense of clarity and purpose,general,Synthetically_Enhanced_IKS_Model
IKS_EXT_161,Rama,Ramayana,facing a loss of a loved one,ambition vs contentment,Goals,shanti,"Through shanti, one can navigate facing a loss of a loved one and restore inner balance.","helplessness, ambition, contentment",helplessness,high,Decided to apply shanti to resolve the ambition vs contentment.,Achieved a sense of clarity and purpose,general,Synthetically_Enhanced_IKS_Model
IKS_EXT_162,Bharata,Ramayana,experiencing a crisis of faith,integrity vs shortcut,Goals,ahimsa,"Through ahimsa, one can navigate experiencing a crisis of faith and restore inner balance.","frustration, integrity, shortcut",frustration,high,Decided to apply ahimsa to resolve the integrity vs shortcut.,Achieved a sense of clarity and purpose,general,Synthetically_Enhanced_IKS_Model
IKS_EXT_163,Rama,Ramayana,feeling lonely in a crowd,truth vs convenience,Agency,daya,"Through daya, one can navigate feeling lonely in a crowd and restore inner balance.","moral tension, truth, convenience",moral tension,high,Decided to apply daya to resolve the truth vs convenience.,Achieved a sense of clarity and purpose,general,Synthetically_Enhanced_IKS_Model
IKS_EXT_164,Sugriva,Ramayana,seeking purpose in life,attachment vs detachment,Pathways,satya,"Through satya, one can navigate seeking purpose in life and restore inner balance.","despair, attachment, detachment",despair,medium,Decided to apply satya to resolve the attachment vs detachment.,Achieved a sense of clarity and purpose,general,Synthetically_Enhanced_IKS_Model
IKS_EXT_165,Rama,Ramayana,facing betrayal by a friend,faith vs logic,Agency,karma yoga,"Through karma yoga, one can navigate facing betrayal by a friend and restore inner balance.","anxiety, faith, logic",anxiety,low,Decided to apply karma yoga to resolve the faith vs logic.,Achieved a sense of clarity and purpose,general,Synthetically_Enhanced_IKS_Model
IKS_EXT_166,Lakshmana,Ramayana,seeking purpose in life,ambition vs contentment,Agency,daya,"Through daya, one can navigate seeking purpose in life and restore inner balance.","anger, ambition, contentment",anger,low,Decided to apply daya to resolve the ambition vs contentment.,Achieved a sense of clarity and purpose,general,Synthetically_Enhanced_IKS_Model
IKS_EXT_167,Vibhishana,Ramayana,facing exhaustion and burnout,attachment vs detachment,Pathways,bhakti,"Through bhakti, one can navigate facing exhaustion and burnout and restore inner balance.","confusion, attachment, detachment",confusion,low,Decided to apply bhakti to resolve the attachment vs detachment.,Achieved a sense of clarity and purpose,general,Synthetically_Enhanced_IKS_Model
IKS_EXT_168,Bharata,Ramayana,facing exhaustion and burnout,truth vs convenience,Goals,shanti,"Through shanti, one can navigate facing exhaustion and burnout and restore inner balance.","confusion, truth, convenience",confusion,medium,Decided to apply shanti to resolve the truth vs convenience.,Achieved a sense of clarity and purpose,general,Synthetically_Enhanced_IKS_Model
IKS_EXT_169,Rama,Ramayana,struggling with addiction or bad habits,tradition vs innovation,Agency,dharma,"Through dharma, one can navigate struggling with addiction or bad habits and restore inner balance.","fear, tradition, innovation",fear,medium,Decided to apply dharma to resolve the tradition vs innovation.,Achieved a sense of clarity and purpose,general,Synthetically_Enhanced_IKS_Model
IKS_EXT_170,Rama,Ramayana,seeking purpose in life,hard work vs luck,Pathways,karma yoga,"Through karma yoga, one can navigate seeking purpose in life and restore inner balance.","fear, hard work, luck",fear,low,Decided to apply karma yoga to resolve the hard work vs luck.,Achieved a sense of clarity and purpose,general,Synthetically_Enhanced_IKS_Model
IKS_EXT_171,Rama,Ramayana,balancing personal growth with social duty,tradition vs innovation,Goals,daya,"Through daya, one can navigate balancing personal growth with social duty and restore inner balance.","anxiety, tradition, innovation",anxiety,low,Decided to apply daya to resolve the tradition vs innovation.,Achieved a sense of clarity and purpose,general,Synthetically_Enhanced_IKS_Model
IKS_EXT_172,Bharata,Ramayana,facing social discrimination,truth vs convenience,Pathways,satya,"Through satya, one can navigate facing social discrimination and restore inner balance.","anxiety, truth, convenience",anxiety,medium,Decided to apply satya to resolve the truth vs convenience.,Achieved a sense of clarity and purpose,general,Synthetically_Enhanced_IKS_Model
IKS_EXT_173,Vibhishana,Ramayana,seeking purpose in life,tradition vs innovation,Agency,tapas,"Through tapas, one can navigate seeking purpose in life and restore inner balance.","moral tension, tradition, innovation",moral tension,medium,Decided to apply tapas to resolve the tradition vs innovation.,Achieved a sense of clarity and purpose,general,Synthetically_Enhanced_IKS_Model
IKS_EXT_174,Jatayu,Ramayana,overcoming procrastination,ambition vs contentment,Goals,viveka,"Through viveka, one can navigate overcoming procrastination and restore inner balance.","frustration, ambition, contentment",frustration,medium,Decided to apply viveka to resolve the ambition vs contentment.,Achieved a sense of clarity and purpose,general,Synthetically_Enhanced_IKS_Model
IKS_EXT_175,Sita,Ramayana,facing a loss of a loved one,ambition vs contentment,Agency,vairagya,"Through vairagya, one can navigate facing a loss of a loved one and restore inner balance.","despair, ambition, contentment",despair,high,Decided to apply vairagya to resolve the ambition vs contentment.,Achieved a sense of clarity and purpose,general,Synthetically_Enhanced_IKS_Model
IKS_EXT_176,Vibhishana,Ramayana,handling success and ego,mercy vs justice,Pathways,satya,"Through satya, one can navigate handling success and ego and restore inner balance.","moral tension, mercy, justice",moral tension,high,Decided to apply satya to resolve the mercy vs justice.,Achieved a sense of clarity and purpose,general,Synthetically_Enhanced_IKS_Model
IKS_EXT_177,Sugriva,Ramayana,balancing personal growth with social duty,integrity vs shortcut,Agency,viveka,"Through viveka, one can navigate balancing personal growth with social duty and restore inner balance.","sadness, integrity, shortcut",sadness,medium,Decided to apply viveka to resolve the integrity vs shortcut.,Achieved a sense of clarity and purpose,general,Synthetically_Enhanced_IKS_Model
IKS_EXT_178,Sita,Ramayana,dealing with financial debt,forgiveness vs anger,Pathways,satya,"Through satya, one can navigate dealing with financial debt and restore inner balance.","fear, forgiveness, anger",fear,high,Decided to apply satya to resolve the forgiveness vs anger.,Achieved a sense of clarity and purpose,general,Synthetically_Enhanced_IKS_Model
IKS_EXT_179,Hanuman,Ramayana,dealing with anger and revenge,integrity vs shortcut,Pathways,viveka,"Through viveka, one can navigate dealing with anger and revenge and restore inner balance.","anger, integrity, shortcut",anger,high,Decided to apply viveka to resolve the integrity vs shortcut.,Achieved a sense of clarity and purpose,general,Synthetically_Enhanced_IKS_Model
IKS_EXT_180,Vibhishana,Ramayana,overcoming fear of death,tradition vs innovation,Pathways,karma yoga,"Through karma yoga, one can navigate overcoming fear of death and restore inner balance.","frustration, tradition, innovation",frustration,low,Decided to apply karma yoga to resolve the tradition vs innovation.,Achieved a sense of clarity and purpose,general,Synthetically_Enhanced_IKS_Model
IKS_EXT_181,Sita,Ramayana,facing betrayal by a friend,self-interest vs social good,Goals,vairagya,"Through vairagya, one can navigate facing betrayal by a friend and restore inner balance.","grief, self-interest, social good",grief,medium,Decided to apply vairagya to resolve the self-interest vs social good.,Achieved a sense of clarity and purpose,general,Synthetically_Enhanced_IKS_Model
IKS_EXT_182,Sita,Ramayana,experiencing a crisis of faith,non-violence vs self-defense,Goals,kshama,"Through kshama, one can navigate experiencing a crisis of faith and restore inner balance.","anxiety, non-violence, self-defense",anxiety,high,Decided to apply kshama to resolve the non-violence vs self-defense.,Achieved a sense of clarity and purpose,general,Synthetically_Enhanced_IKS_Model
IKS_EXT_183,Rama,Ramayana,coping with aging,attachment vs detachment,Pathways,kshama,"Through kshama, one can navigate coping with aging and restore inner balance.","frustration, attachment, detachment",frustration,low,Decided to apply kshama to resolve the attachment vs detachment.,Achieved a sense of clarity and purpose,general,Synthetically_Enhanced_IKS_Model
IKS_EXT_184,Lakshmana,Ramayana,dealing with physical illness,loyalty vs righteousness,Pathways,vairagya,"Through vairagya, one can navigate dealing with physical illness and restore inner balance.","helplessness, loyalty, righteousness",helplessness,low,Decided to apply vairagya to resolve the loyalty vs righteousness.,Achieved a sense of clarity and purpose,general,Synthetically_Enhanced_IKS_Model
IKS_EXT_185,Vibhishana,Ramayana,facing exhaustion and burnout,non-violence vs self-defense,Agency,satya,"Through satya, one can navigate facing exhaustion and burnout and restore inner balance.","confusion, non-violence, self-defense",confusion,low,Decided to apply satya to resolve the non-violence vs self-defense.,Achieved a sense of clarity and purpose,general,Synthetically_Enhanced_IKS_Model
IKS_EXT_186,Lakshmana,Ramayana,facing exhaustion and burnout,faith vs logic,Goals,dharma,"Through dharma, one can navigate facing exhaustion and burnout and restore inner balance.","anger, faith, logic",anger,medium,Decided to apply dharma to resolve the faith vs logic.,Achieved a sense of clarity and purpose,general,Synthetically_Enhanced_IKS_Model
IKS_EXT_187,Sita,Ramayana,overcoming traumatic past,loyalty vs righteousness,Pathways,daya,"Through daya, one can navigate overcoming traumatic past and restore inner balance.","helplessness, loyalty, righteousness",helplessness,high,Decided to apply daya to resolve the loyalty vs righteousness.,Achieved a sense of clarity and purpose,general,Synthetically_Enhanced_IKS_Model
IKS_EXT_188,Bharata,Ramayana,managing family conflicts,tradition vs innovation,Goals,bhakti,"Through bhakti, one can navigate managing family conflicts and restore inner balance.","grief, tradition, innovation",grief,medium,Decided to apply bhakti to resolve the tradition vs innovation.,Achieved a sense of clarity and purpose,general,Synthetically_Enhanced_IKS_Model
IKS_EXT_189,Bharata,Ramayana,managing family conflicts,hard work vs luck,Goals,shanti,"Through shanti, one can navigate managing family conflicts and restore inner balance.","frustration, hard work, luck",frustration,low,Decided to apply shanti to resolve the hard work vs luck.,Achieved a sense of clarity and purpose,general,Synthetically_Enhanced_IKS_Model
IKS_EXT_190,Rama,Ramayana,struggling with poverty,fear vs courage,Pathways,shanti,"Through shanti, one can navigate struggling with poverty and restore inner balance.","frustration, fear, courage",frustration,high,Decided to apply shanti to resolve the fear vs courage.,Achieved a sense of clarity and purpose,general,Synthetically_Enhanced_IKS_Model
IKS_EXT_191,Rama,Ramayana,balancing personal growth with social duty,non-violence vs self-defense,Goals,shanti,"Through shanti, one can navigate balancing personal growth with social duty and restore inner balance.","moral tension, non-violence, self-defense",moral tension,low,Decided to apply shanti to resolve the non-violence vs self-defense.,Achieved a sense of clarity and purpose,general,Synthetically_Enhanced_IKS_Model
IKS_EXT_192,Vibhishana,Ramayana,facing community isolation,fear vs courage,Goals,bhakti,"Through bhakti, one can navigate facing community isolation and restore inner balance.","frustration, fear, courage",frustration,high,Decided to apply bhakti to resolve the fear vs courage.,Achieved a sense of clarity and purpose,general,Synthetically_Enhanced_IKS_Model
IKS_EXT_193,Sugriva,Ramayana,dealing with public humiliation,forgiveness vs anger,Goals,shanti,"Through shanti, one can navigate dealing with public humiliation and restore inner balance.","anger, forgiveness, anger",anger,low,Decided to apply shanti to resolve the forgiveness vs anger.,Achieved a sense of clarity and purpose,general,Synthetically_Enhanced_IKS_Model
IKS_EXT_194,Lakshmana,Ramayana,seeking purpose in life,hard work vs luck,Agency,dana,"Through dana, one can navigate seeking purpose in life and restore inner balance.","anger, hard work, luck",anger,medium,Decided to apply dana to resolve the hard work vs luck.,Achieved a sense of clarity and purpose,general,Synthetically_Enhanced_IKS_Model
IKS_EXT_195,Vibhishana,Ramayana,facing ethical corruption in workplace,faith vs logic,Agency,satya,"Through satya, one can navigate facing ethical corruption in workplace and restore inner balance.","grief, faith, logic",grief,medium,Decided to apply satya to resolve the faith vs logic.,Achieved a sense of clarity and purpose,general,Synthetically_Enhanced_IKS_Model
IKS_EXT_196,Rama,Ramayana,handling success and ego,duty vs personal gain,Goals,kshama,"Through kshama, one can navigate handling success and ego and restore inner balance.","fear, duty, personal gain",fear,medium,Decided to apply kshama to resolve the duty vs personal gain.,Achieved a sense of clarity and purpose,general,Synthetically_Enhanced_IKS_Model
IKS_EXT_197,Vibhishana,Ramayana,struggling with self-doubt,self-interest vs social good,Pathways,shanti,"Through shanti, one can navigate struggling with self-doubt and restore inner balance.","moral tension, self-interest, social good",moral tension,medium,Decided to apply shanti to resolve the self-interest vs social good.,Achieved a sense of clarity and purpose,general,Synthetically_Enhanced_IKS_Model
IKS_EXT_198,Jatayu,Ramayana,managing family conflicts,loyalty vs righteousness,Agency,vairagya,"Through vairagya, one can navigate managing family conflicts and restore inner balance.","moral tension, loyalty, righteousness",moral tension,high,Decided to apply vairagya to resolve the loyalty vs righteousness.,Achieved a sense of clarity and purpose,general,Synthetically_Enhanced_IKS_Model
IKS_EXT_199,Jatayu,Ramayana,balancing personal growth with social duty,mercy vs justice,Pathways,satya,"Through satya, one can navigate balancing personal growth with social duty and restore inner balance.","sadness, mercy, justice",sadness,medium,Decided to apply satya to resolve the mercy vs justice.,Achieved a sense of clarity and purpose,general,Synthetically_Enhanced_IKS_Model
IKS_EXT_200,Rama,Ramayana,struggling with poverty,integrity vs shortcut,Pathways,karma yoga,"Through karma yoga, one can navigate struggling with poverty and restore inner balance.","confusion, integrity, shortcut",confusion,medium,Decided to apply karma yoga to resolve the integrity vs shortcut.,Achieved a sense of clarity and purpose,general,Synthetically_Enhanced_IKS_Model
IKS_EXT_201,Sanjaya,Bhagavad Gita,experiencing a crisis of faith,mercy vs justice,Agency,ahimsa,"Through ahimsa, one can navigate experiencing a crisis of faith and restore inner balance.","sadness, mercy, justice",sadness,high,Decided to apply ahimsa to resolve the mercy vs justice.,Achieved a sense of clarity and purpose,general,Synthetically_Enhanced_IKS_Model
IKS_EXT_202,Seeker,Bhagavad Gita,struggling with addiction or bad habits,patience vs impulse,Pathways,shanti,"Through shanti, one can navigate struggling with addiction or bad habits and restore inner balance.","anxiety, patience, impulse",anxiety,medium,Decided to apply shanti to resolve the patience vs impulse.,Achieved a sense of clarity and purpose,general,Synthetically_Enhanced_IKS_Model
IKS_EXT_203,Arjuna,Bhagavad Gita,facing community isolation,faith vs logic,Goals,ahimsa,"Through ahimsa, one can navigate facing community isolation and restore inner balance.","fear, faith, logic",fear,medium,Decided to apply ahimsa to resolve the faith vs logic.,Achieved a sense of clarity and purpose,general,Synthetically_Enhanced_IKS_Model
IKS_EXT_204,Sanjaya,Bhagavad Gita,dealing with public humiliation,hard work vs luck,Agency,daya,"Through daya, one can navigate dealing with public humiliation and restore inner balance.","grief, hard work, luck",grief,medium,Decided to apply daya to resolve the hard work vs luck.,Achieved a sense of clarity and purpose,general,Synthetically_Enhanced_IKS_Model
IKS_EXT_205,Krishna,Bhagavad Gita,balancing personal growth with social duty,faith vs logic,Pathways,tapas,"Through tapas, one can navigate balancing personal growth with social duty and restore inner balance.","sadness, faith, logic",sadness,medium,Decided to apply tapas to resolve the faith vs logic.,Achieved a sense of clarity and purpose,general,Synthetically_Enhanced_IKS_Model
IKS_EXT_206,Sadhaka,Bhagavad Gita,feeling confused about career path,patience vs impulse,Pathways,dana,"Through dana, one can navigate feeling confused about career path and restore inner balance.","fear, patience, impulse",fear,low,Decided to apply dana to resolve the patience vs impulse.,Achieved a sense of clarity and purpose,general,Synthetically_Enhanced_IKS_Model
IKS_EXT_207,Disciple,Bhagavad Gita,handling jealousy and envy,attachment vs detachment,Pathways,vairagya,"Through vairagya, one can navigate handling jealousy and envy and restore inner balance.","moral tension, attachment, detachment",moral tension,high,Decided to apply vairagya to resolve the attachment vs detachment.,Achieved a sense of clarity and purpose,general,Synthetically_Enhanced_IKS_Model
IKS_EXT_208,Dhritarashtra,Bhagavad Gita,feeling confused about career path,attachment vs detachment,Agency,kshama,"Through kshama, one can navigate feeling confused about career path and restore inner balance.","sadness, attachment, detachment",sadness,high,Decided to apply kshama to resolve the attachment vs detachment.,Achieved a sense of clarity and purpose,general,Synthetically_Enhanced_IKS_Model
IKS_EXT_209,Sadhaka,Bhagavad Gita,struggling with self-doubt,truth vs convenience,Pathways,vairagya,"Through vairagya, one can navigate struggling with self-doubt and restore inner balance.","anxiety, truth, convenience",anxiety,low,Decided to apply vairagya to resolve the truth vs convenience.,Achieved a sense of clarity and purpose,general,Synthetically_Enhanced_IKS_Model
IKS_EXT_210,Arjuna,Bhagavad Gita,overcoming procrastination,hard work vs luck,Agency,tapas,"Through tapas, one can navigate overcoming procrastination and restore inner balance.","fear, hard work, luck",fear,medium,Decided to apply tapas to resolve the hard work vs luck.,Achieved a sense of clarity and purpose,general,Synthetically_Enhanced_IKS_Model
IKS_EXT_211,Disciple,Bhagavad Gita,struggling with self-doubt,patience vs impulse,Agency,daya,"Through daya, one can navigate struggling with self-doubt and restore inner balance.","anxiety, patience, impulse",anxiety,low,Decided to apply daya to resolve the patience vs impulse.,Achieved a sense of clarity and purpose,general,Synthetically_Enhanced_IKS_Model
IKS_EXT_212,Sanjaya,Bhagavad Gita,struggling with self-doubt,loyalty vs righteousness,Pathways,viveka,"Through viveka, one can navigate struggling with self-doubt and restore inner balance.","anxiety, loyalty, righteousness",anxiety,high,Decided to apply viveka to resolve the loyalty vs righteousness.,Achieved a sense of clarity and purpose,general,Synthetically_Enhanced_IKS_Model
IKS_EXT_213,Krishna,Bhagavad Gita,overcoming traumatic past,patience vs impulse,Pathways,dharma,"Through dharma, one can navigate overcoming traumatic past and restore inner balance.","helplessness, patience, impulse",helplessness,high,Decided to apply dharma to resolve the patience vs impulse.,Achieved a sense of clarity and purpose,general,Synthetically_Enhanced_IKS_Model
IKS_EXT_214,Sanjaya,Bhagavad Gita,facing betrayal by a friend,loyalty vs righteousness,Goals,satya,"Through satya, one can navigate facing betrayal by a friend and restore inner balance.","frustration, loyalty, righteousness",frustration,low,Decided to apply satya to resolve the loyalty vs righteousness.,Achieved a sense of clarity and purpose,general,Synthetically_Enhanced_IKS_Model
IKS_EXT_215,Sadhaka,Bhagavad Gita,experiencing a crisis of faith,duty vs personal gain,Goals,shanti,"Through shanti, one can navigate experiencing a crisis of faith and restore inner balance.","despair, duty, personal gain",despair,low,Decided to apply shanti to resolve the duty vs personal gain.,Achieved a sense of clarity and purpose,general,Synthetically_Enhanced_IKS_Model
IKS_EXT_216,Disciple,Bhagavad Gita,struggling with addiction or bad habits,attachment vs detachment,Pathways,bhakti,"Through bhakti, one can navigate struggling with addiction or bad habits and restore inner balance.","fear, attachment, detachment",fear,medium,Decided to apply bhakti to resolve the attachment vs detachment.,Achieved a sense of clarity and purpose,general,Synthetically_Enhanced_IKS_Model
IKS_EXT_217,Sadhaka,Bhagavad Gita,handling success and ego,attachment vs detachment,Goals,bhakti,"Through bhakti, one can navigate handling success and ego and restore inner balance.","moral tension, attachment, detachment",moral tension,medium,Decided to apply bhakti to resolve the attachment vs detachment.,Achieved a sense of clarity and purpose,general,Synthetically_Enhanced_IKS_Model
IKS_EXT_218,Krishna,Bhagavad Gita,seeking purpose in life,truth vs convenience,Goals,bhakti,"Through bhakti, one can navigate seeking purpose in life and restore inner balance.","grief, truth, convenience",grief,medium,Decided to apply bhakti to resolve the truth vs convenience.,Achieved a sense of clarity and purpose,general,Synthetically_Enhanced_IKS_Model
IKS_EXT_219,Sadhaka,Bhagavad Gita,dealing with anger and revenge,forgiveness vs anger,Goals,karma yoga,"Through karma yoga, one can navigate dealing with anger and revenge and restore inner balance.","helplessness, forgiveness, anger",helplessness,medium,Decided to apply karma yoga to resolve the forgiveness vs anger.,Achieved a sense of clarity and purpose,general,Synthetically_Enhanced_IKS_Model
IKS_EXT_220,Disciple,Bhagavad Gita,handling success and ego,integrity vs shortcut,Pathways,ahimsa,"Through ahimsa, one can navigate handling success and ego and restore inner balance.","grief, integrity, shortcut",grief,low,Decided to apply ahimsa to resolve the integrity vs shortcut.,Achieved a sense of clarity and purpose,general,Synthetically_Enhanced_IKS_Model
IKS_EXT_221,Seeker,Bhagavad Gita,overcoming fear of death,attachment vs detachment,Pathways,kshama,"Through kshama, one can navigate overcoming fear of death and restore inner balance.","despair, attachment, detachment",despair,high,Decided to apply kshama to resolve the attachment vs detachment.,Achieved a sense of clarity and purpose,general,Synthetically_Enhanced_IKS_Model
IKS_EXT_222,Seeker,Bhagavad Gita,feeling confused about career path,loyalty vs righteousness,Agency,viveka,"Through viveka, one can navigate feeling confused about career path and restore inner balance.","grief, loyalty, righteousness",grief,low,Decided to apply viveka to resolve the loyalty vs righteousness.,Achieved a sense of clarity and purpose,general,Synthetically_Enhanced_IKS_Model
IKS_EXT_223,Krishna,Bhagavad Gita,dealing with financial debt,faith vs logic,Goals,bhakti,"Through bhakti, one can navigate dealing with financial debt and restore inner balance.","confusion, faith, logic",confusion,low,Decided to apply bhakti to resolve the faith vs logic.,Achieved a sense of clarity and purpose,general,Synthetically_Enhanced_IKS_Model
IKS_EXT_224,Krishna,Bhagavad Gita,facing a moral dilemma between family and duty,hard work vs luck,Agency,shanti,"Through shanti, one can navigate facing a moral dilemma between family and duty and restore inner balance.","fear, hard work, luck",fear,medium,Decided to apply shanti to resolve the hard work vs luck.,Achieved a sense of clarity and purpose,general,Synthetically_Enhanced_IKS_Model
IKS_EXT_225,Disciple,Bhagavad Gita,facing ethical corruption in workplace,attachment vs detachment,Pathways,kshama,"Through kshama, one can navigate facing ethical corruption in workplace and restore inner balance.","confusion, attachment, detachment",confusion,low,Decided to apply kshama to resolve the attachment vs detachment.,Achieved a sense of clarity and purpose,general,Synthetically_Enhanced_IKS_Model
IKS_EXT_226,Arjuna,Bhagavad Gita,dealing with financial debt,tradition vs innovation,Agency,ahimsa,"Through ahimsa, one can navigate dealing with financial debt and restore inner balance.","helplessness, tradition, innovation",helplessness,high,Decided to apply ahimsa to resolve the tradition vs innovation.,Achieved a sense of clarity and purpose,general,Synthetically_Enhanced_IKS_Model
IKS_EXT_227,Disciple,Bhagavad Gita,dealing with financial debt,mercy vs justice,Agency,karma yoga,"Through karma yoga, one can navigate dealing with financial debt and restore inner balance.","fear, mercy, justice",fear,medium,Decided to apply karma yoga to resolve the mercy vs justice.,Achieved a sense of clarity and purpose,general,Synthetically_Enhanced_IKS_Model
IKS_EXT_228,Arjuna,Bhagavad Gita,coping with aging,faith vs logic,Goals,viveka,"Through viveka, one can navigate coping with aging and restore inner balance.","sadness, faith, logic",sadness,low,Decided to apply viveka to resolve the faith vs logic.,Achieved a sense of clarity and purpose,general,Synthetically_Enhanced_IKS_Model
IKS_EXT_229,Sadhaka,Bhagavad Gita,facing exhaustion and burnout,duty vs personal gain,Agency,dana,"Through dana, one can navigate facing exhaustion and burnout and restore inner balance.","despair, duty, personal gain",despair,high,Decided to apply dana to resolve the duty vs personal gain.,Achieved a sense of clarity and purpose,general,Synthetically_Enhanced_IKS_Model
IKS_EXT_230,Disciple,Bhagavad Gita,feeling lonely in a crowd,faith vs logic,Agency,satya,"Through satya, one can navigate feeling lonely in a crowd and restore inner balance.","grief, faith, logic",grief,low,Decided to apply satya to resolve the faith vs logic.,Achieved a sense of clarity and purpose,general,Synthetically_Enhanced_IKS_Model
IKS_EXT_231,Disciple,Bhagavad Gita,coping with aging,forgiveness vs anger,Goals,bhakti,"Through bhakti, one can navigate coping with aging and restore inner balance.","despair, forgiveness, anger",despair,low,Decided to apply bhakti to resolve the forgiveness vs anger.,Achieved a sense of clarity and purpose,general,Synthetically_Enhanced_IKS_Model
IKS_EXT_232,Sadhaka,Bhagavad Gita,facing ethical corruption in workplace,non-violence vs self-defense,Goals,kshama,"Through kshama, one can navigate facing ethical corruption in workplace and restore inner balance.","anxiety, non-violence, self-defense",anxiety,medium,Decided to apply kshama to resolve the non-violence vs self-defense.,Achieved a sense of clarity and purpose,general,Synthetically_Enhanced_IKS_Model
IKS_EXT_233,Sanjaya,Bhagavad Gita,facing community isolation,patience vs impulse,Goals,dharma,"Through dharma, one can navigate facing community isolation and restore inner balance.","frustration, patience, impulse",frustration,low,Decided to apply dharma to resolve the patience vs impulse.,Achieved a sense of clarity and purpose,general,Synthetically_Enhanced_IKS_Model
IKS_EXT_234,Dhritarashtra,Bhagavad Gita,overcoming traumatic past,truth vs convenience,Agency,daya,"Through daya, one can navigate overcoming traumatic past and restore inner balance.","grief, truth, convenience",grief,low,Decided to apply daya to resolve the truth vs convenience.,Achieved a sense of clarity and purpose,general,Synthetically_Enhanced_IKS_Model
IKS_EXT_235,Sanjaya,Bhagavad Gita,experiencing a crisis of faith,hard work vs luck,Goals,satya,"Through satya, one can navigate experiencing a crisis of faith and restore inner balance.","moral tension, hard work, luck",moral tension,high,Decided to apply satya to resolve the hard work vs luck.,Achieved a sense of clarity and purpose,general,Synthetically_Enhanced_IKS_Model
IKS_EXT_236,Krishna,Bhagavad Gita,feeling lonely in a crowd,fear vs courage,Agency,viveka,"Through viveka, one can navigate feeling lonely in a crowd and restore inner balance.","sadness, fear, courage",sadness,low,Decided to apply viveka to resolve the fear vs courage.,Achieved a sense of clarity and purpose,general,Synthetically_Enhanced_IKS_Model
IKS_EXT_237,Sadhaka,Bhagavad Gita,feeling lonely in a crowd,attachment vs detachment,Pathways,ahimsa,"Through ahimsa, one can navigate feeling lonely in a crowd and restore inner balance.","helplessness, attachment, detachment",helplessness,low,Decided to apply ahimsa to resolve the attachment vs detachment.,Achieved a sense of clarity and purpose,general,Synthetically_Enhanced_IKS_Model
IKS_EXT_238,Seeker,Bhagavad Gita,struggling with self-doubt,faith vs logic,Pathways,karma yoga,"Through karma yoga, one can navigate struggling with self-doubt and restore inner balance.","confusion, faith, logic",confusion,high,Decided to apply karma yoga to resolve the faith vs logic.,Achieved a sense of clarity and purpose,general,Synthetically_Enhanced_IKS_Model
IKS_EXT_239,Arjuna,Bhagavad Gita,facing betrayal by a friend,tradition vs innovation,Goals,bhakti,"Through bhakti, one can navigate facing betrayal by a friend and restore inner balance.","helplessness, tradition, innovation",helplessness,low,Decided to apply bhakti to resolve the tradition vs innovation.,Achieved a sense of clarity and purpose,general,Synthetically_Enhanced_IKS_Model
IKS_EXT_240,Krishna,Bhagavad Gita,facing injustice from authority,truth vs convenience,Agency,bhakti,"Through bhakti, one can navigate facing injustice from authority and restore inner balance.","helplessness, truth, convenience",helplessness,medium,Decided to apply bhakti to resolve the truth vs convenience.,Achieved a sense of clarity and purpose,general,Synthetically_Enhanced_IKS_Model
IKS_EXT_241,Arjuna,Bhagavad Gita,dealing with physical illness,non-violence vs self-defense,Agency,dana,"Through dana, one can navigate dealing with physical illness and restore inner balance.","sadness, non-violence, self-defense",sadness,medium,Decided to apply dana to resolve the non-violence vs self-defense.,Achieved a sense of clarity and purpose,general,Synthetically_Enhanced_IKS_Model
IKS_EXT_242,Krishna,Bhagavad Gita,facing community isolation,patience vs impulse,Pathways,vairagya,"Through vairagya, one can navigate facing community isolation and restore inner balance.","anxiety, patience, impulse",anxiety,low,Decided to apply vairagya to resolve the patience vs impulse.,Achieved a sense of clarity and purpose,general,Synthetically_Enhanced_IKS_Model
IKS_EXT_243,Disciple,Bhagavad Gita,dealing with professional failure,hard work vs luck,Agency,daya,"Through daya, one can navigate dealing with professional failure and restore inner balance.","grief, hard work, luck",grief,low,Decided to apply daya to resolve the hard work vs luck.,Achieved a sense of clarity and purpose,general,Synthetically_Enhanced_IKS_Model
IKS_EXT_244,Sanjaya,Bhagavad Gita,facing ethical corruption in workplace,ambition vs contentment,Pathways,satya,"Through satya, one can navigate facing ethical corruption in workplace and restore inner balance.","sadness, ambition, contentment",sadness,low,Decided to apply satya to resolve the ambition vs contentment.,Achieved a sense of clarity and purpose,general,Synthetically_Enhanced_IKS_Model
IKS_EXT_245,Dhritarashtra,Bhagavad Gita,dealing with unrequited efforts,forgiveness vs anger,Agency,shanti,"Through shanti, one can navigate dealing with unrequited efforts and restore inner balance.","fear, forgiveness, anger",fear,high,Decided to apply shanti to resolve the forgiveness vs anger.,Achieved a sense of clarity and purpose,general,Synthetically_Enhanced_IKS_Model
IKS_EXT_246,Seeker,Bhagavad Gita,struggling with self-doubt,tradition vs innovation,Goals,tapas,"Through tapas, one can navigate struggling with self-doubt and restore inner balance.","sadness, tradition, innovation",sadness,low,Decided to apply tapas to resolve the tradition vs innovation.,Achieved a sense of clarity and purpose,general,Synthetically_Enhanced_IKS_Model
IKS_EXT_247,Disciple,Bhagavad Gita,facing a loss of a loved one,attachment vs detachment,Agency,dana,"Through dana, one can navigate facing a loss of a loved one and restore inner balance.","grief, attachment, detachment",grief,low,Decided to apply dana to resolve the attachment vs detachment.,Achieved a sense of clarity and purpose,general,Synthetically_Enhanced_IKS_Model
IKS_EXT_248,Seeker,Bhagavad Gita,facing exhaustion and burnout,patience vs impulse,Agency,bhakti,"Through bhakti, one can navigate facing exhaustion and burnout and restore inner balance.","despair, patience, impulse",despair,high,Decided to apply bhakti to resolve the patience vs impulse.,Achieved a sense of clarity and purpose,general,Synthetically_Enhanced_IKS_Model
IKS_EXT_249,Arjuna,Bhagavad Gita,dealing with professional failure,faith vs logic,Agency,karma yoga,"Through karma yoga, one can navigate dealing with professional failure and restore inner balance.","despair, faith, logic",despair,high,Decided to apply karma yoga to resolve the faith vs logic.,Achieved a sense of clarity and purpose,general,Synthetically_Enhanced_IKS_Model
IKS_EXT_250,Sanjaya,Bhagavad Gita,facing betrayal by a friend,tradition vs innovation,Goals,daya,"Through daya, one can navigate facing betrayal by a friend and restore inner balance.","fear, tradition, innovation",fear,high,Decided to apply daya to resolve the tradition vs innovation.,Achieved a sense of clarity and purpose,general,Synthetically_Enhanced_IKS_Model
IKS_EXT_251,Arjuna,Bhagavad Gita,managing family conflicts,patience vs impulse,Pathways,kshama,"Through kshama, one can navigate managing family conflicts and restore inner balance.","sadness, patience, impulse",sadness,medium,Decided to apply kshama to resolve the patience vs impulse.,Achieved a sense of clarity and purpose,general,Synthetically_Enhanced_IKS_Model
IKS_EXT_252,Dhritarashtra,Bhagavad Gita,experiencing a crisis of faith,faith vs logic,Agency,vairagya,"Through vairagya, one can navigate experiencing a crisis of faith and restore inner balance.","grief, faith, logic",grief,high,Decided to apply vairagya to resolve the faith vs logic.,Achieved a sense of clarity and purpose,general,Synthetically_Enhanced_IKS_Model
IKS_EXT_253,Sadhaka,Bhagavad Gita,experiencing a crisis of faith,faith vs logic,Goals,ahimsa,"Through ahimsa, one can navigate experiencing a crisis of faith and restore inner balance.","grief, faith, logic",grief,high,Decided to apply ahimsa to resolve the faith vs logic.,Achieved a sense of clarity and purpose,general,Synthetically_Enhanced_IKS_Model
IKS_EXT_254,Seeker,Bhagavad Gita,overcoming traumatic past,self-interest vs social good,Agency,shanti,"Through shanti, one can navigate overcoming traumatic past and restore inner balance.","frustration, self-interest, social good",frustration,low,Decided to apply shanti to resolve the self-interest vs social good.,Achieved a sense of clarity and purpose,general,Synthetically_Enhanced_IKS_Model
IKS_EXT_255,Dhritarashtra,Bhagavad Gita,struggling with self-doubt,non-violence vs self-defense,Pathways,shanti,"Through shanti, one can navigate struggling with self-doubt and restore inner balance.","moral tension, non-violence, self-defense",moral tension,high,Decided to apply shanti to resolve the non-violence vs self-defense.,Achieved a sense of clarity and purpose,general,Synthetically_Enhanced_IKS_Model
IKS_EXT_256,Sadhaka,Bhagavad Gita,facing a moral dilemma between family and duty,tradition vs innovation,Pathways,vairagya,"Through vairagya, one can navigate facing a moral dilemma between family and duty and restore inner balance.","helplessness, tradition, innovation",helplessness,medium,Decided to apply vairagya to resolve the tradition vs innovation.,Achieved a sense of clarity and purpose,general,Synthetically_Enhanced_IKS_Model
IKS_EXT_257,Seeker,Bhagavad Gita,dealing with anger and revenge,mercy vs justice,Pathways,tapas,"Through tapas, one can navigate dealing with anger and revenge and restore inner balance.","anxiety, mercy, justice",anxiety,medium,Decided to apply tapas to resolve the mercy vs justice.,Achieved a sense of clarity and purpose,general,Synthetically_Enhanced_IKS_Model
IKS_EXT_258,Dhritarashtra,Bhagavad Gita,facing community isolation,tradition vs innovation,Agency,vairagya,"Through vairagya, one can navigate facing community isolation and restore inner balance.","confusion, tradition, innovation",confusion,high,Decided to apply vairagya to resolve the tradition vs innovation.,Achieved a sense of clarity and purpose,general,Synthetically_Enhanced_IKS_Model
IKS_EXT_259,Seeker,Bhagavad Gita,dealing with anger and revenge,non-violence vs self-defense,Agency,dharma,"Through dharma, one can navigate dealing with anger and revenge and restore inner balance.","helplessness, non-violence, self-defense",helplessness,low,Decided to apply dharma to resolve the non-violence vs self-defense.,Achieved a sense of clarity and purpose,general,Synthetically_Enhanced_IKS_Model
IKS_EXT_260,Krishna,Bhagavad Gita,overcoming procrastination,non-violence vs self-defense,Pathways,ahimsa,"Through ahimsa, one can navigate overcoming procrastination and restore inner balance.","anxiety, non-violence, self-defense",anxiety,high,Decided to apply ahimsa to resolve the non-violence vs self-defense.,Achieved a sense of clarity and purpose,general,Synthetically_Enhanced_IKS_Model
IKS_EXT_261,Sadhaka,Bhagavad Gita,seeking purpose in life,fear vs courage,Pathways,dharma,"Through dharma, one can navigate seeking purpose in life and restore inner balance.","fear, fear, courage",fear,low,Decided to apply dharma to resolve the fear vs courage.,Achieved a sense of clarity and purpose,general,Synthetically_Enhanced_IKS_Model
IKS_EXT_262,Arjuna,Bhagavad Gita,handling jealousy and envy,truth vs convenience,Pathways,ahimsa,"Through ahimsa, one can navigate handling jealousy and envy and restore inner balance.","despair, truth, convenience",despair,medium,Decided to apply ahimsa to resolve the truth vs convenience.,Achieved a sense of clarity and purpose,general,Synthetically_Enhanced_IKS_Model
IKS_EXT_263,Arjuna,Bhagavad Gita,facing ethical corruption in workplace,non-violence vs self-defense,Agency,kshama,"Through kshama, one can navigate facing ethical corruption in workplace and restore inner balance.","grief, non-violence, self-defense",grief,medium,Decided to apply kshama to resolve the non-violence vs self-defense.,Achieved a sense of clarity and purpose,general,Synthetically_Enhanced_IKS_Model
IKS_EXT_264,Disciple,Bhagavad Gita,dealing with unrequited efforts,faith vs logic,Pathways,satya,"Through satya, one can navigate dealing with unrequited efforts and restore inner balance.","frustration, faith, logic",frustration,medium,Decided to apply satya to resolve the faith vs logic.,Achieved a sense of clarity and purpose,general,Synthetically_Enhanced_IKS_Model
IKS_EXT_265,Sanjaya,Bhagavad Gita,facing social discrimination,forgiveness vs anger,Goals,tapas,"Through tapas, one can navigate facing social discrimination and restore inner balance.","anxiety, forgiveness, anger",anxiety,low,Decided to apply tapas to resolve the forgiveness vs anger.,Achieved a sense of clarity and purpose,general,Synthetically_Enhanced_IKS_Model
IKS_EXT_266,Arjuna,Bhagavad Gita,seeking purpose in life,forgiveness vs anger,Agency,kshama,"Through kshama, one can navigate seeking purpose in life and restore inner balance.","confusion, forgiveness, anger",confusion,high,Decided to apply kshama to resolve the forgiveness vs anger.,Achieved a sense of clarity and purpose,general,Synthetically_Enhanced_IKS_Model
IKS_EXT_267,Dhritarashtra,Bhagavad Gita,balancing personal growth with social duty,ambition vs contentment,Pathways,tapas,"Through tapas, one can navigate balancing personal growth with social duty and restore inner balance.","anger, ambition, contentment",anger,high,Decided to apply tapas to resolve the ambition vs contentment.,Achieved a sense of clarity and purpose,general,Synthetically_Enhanced_IKS_Model
IKS_EXT_268,Arjuna,Bhagavad Gita,overcoming fear of death,mercy vs justice,Pathways,vairagya,"Through vairagya, one can navigate overcoming fear of death and restore inner balance.","helplessness, mercy, justice",helplessness,high,Decided to apply vairagya to resolve the mercy vs justice.,Achieved a sense of clarity and purpose,general,Synthetically_Enhanced_IKS_Model
IKS_EXT_269,Seeker,Bhagavad Gita,facing injustice from authority,tradition vs innovation,Goals,kshama,"Through kshama, one can navigate facing injustice from authority and restore inner balance.","helplessness, tradition, innovation",helplessness,medium,Decided to apply kshama to resolve the tradition vs innovation.,Achieved a sense of clarity and purpose,general,Synthetically_Enhanced_IKS_Model
IKS_EXT_270,Seeker,Bhagavad Gita,coping with aging,duty vs personal gain,Agency,daya,"Through daya, one can navigate coping with aging and restore inner balance.","fear, duty, personal gain",fear,high,Decided to apply daya to resolve the duty vs personal gain.,Achieved a sense of clarity and purpose,general,Synthetically_Enhanced_IKS_Model
IKS_EXT_271,Arjuna,Bhagavad Gita,struggling with poverty,truth vs convenience,Goals,bhakti,"Through bhakti, one can navigate struggling with poverty and restore inner balance.","fear, truth, convenience",fear,high,Decided to apply bhakti to resolve the truth vs convenience.,Achieved a sense of clarity and purpose,general,Synthetically_Enhanced_IKS_Model
IKS_EXT_272,Dhritarashtra,Bhagavad Gita,dealing with public humiliation,hard work vs luck,Pathways,kshama,"Through kshama, one can navigate dealing with public humiliation and restore inner balance.","anxiety, hard work, luck",anxiety,medium,Decided to apply kshama to resolve the hard work vs luck.,Achieved a sense of clarity and purpose,general,Synthetically_Enhanced_IKS_Model
IKS_EXT_273,Sadhaka,Bhagavad Gita,feeling confused about career path,self-interest vs social good,Goals,shanti,"Through shanti, one can navigate feeling confused about career path and restore inner balance.","anxiety, self-interest, social good",anxiety,low,Decided to apply shanti to resolve the self-interest vs social good.,Achieved a sense of clarity and purpose,general,Synthetically_Enhanced_IKS_Model
IKS_EXT_274,Seeker,Bhagavad Gita,managing family conflicts,self-interest vs social good,Goals,tapas,"Through tapas, one can navigate managing family conflicts and restore inner balance.","frustration, self-interest, social good",frustration,low,Decided to apply tapas to resolve the self-interest vs social good.,Achieved a sense of clarity and purpose,general,Synthetically_Enhanced_IKS_Model
IKS_EXT_275,Arjuna,Bhagavad Gita,dealing with unrequited efforts,hard work vs luck,Goals,vairagya,"Through vairagya, one can navigate dealing with unrequited efforts and restore inner balance.","grief, hard work, luck",grief,low,Decided to apply vairagya to resolve the hard work vs luck.,Achieved a sense of clarity and purpose,general,Synthetically_Enhanced_IKS_Model
IKS_EXT_276,Disciple,Bhagavad Gita,facing betrayal by a friend,mercy vs justice,Pathways,bhakti,"Through bhakti, one can navigate facing betrayal by a friend and restore inner balance.","despair, mercy, justice",despair,high,Decided to apply bhakti to resolve the mercy vs justice.,Achieved a sense of clarity and purpose,general,Synthetically_Enhanced_IKS_Model
IKS_EXT_277,Arjuna,Bhagavad Gita,facing a moral dilemma between family and duty,attachment vs detachment,Pathways,viveka,"Through viveka, one can navigate facing a moral dilemma between family and duty and restore inner balance.","despair, attachment, detachment",despair,high,Decided to apply viveka to resolve the attachment vs detachment.,Achieved a sense of clarity and purpose,general,Synthetically_Enhanced_IKS_Model
IKS_EXT_278,Seeker,Bhagavad Gita,dealing with professional failure,non-violence vs self-defense,Pathways,shanti,"Through shanti, one can navigate dealing with professional failure and restore inner balance.","anger, non-violence, self-defense",anger,medium,Decided to apply shanti to resolve the non-violence vs self-defense.,Achieved a sense of clarity and purpose,general,Synthetically_Enhanced_IKS_Model
IKS_EXT_279,Sanjaya,Bhagavad Gita,handling success and ego,ambition vs contentment,Goals,tapas,"Through tapas, one can navigate handling success and ego and restore inner balance.","sadness, ambition, contentment",sadness,high,Decided to apply tapas to resolve the ambition vs contentment.,Achieved a sense of clarity and purpose,general,Synthetically_Enhanced_IKS_Model
IKS_EXT_280,Disciple,Bhagavad Gita,handling success and ego,mercy vs justice,Agency,daya,"Through daya, one can navigate handling success and ego and restore inner balance.","sadness, mercy, justice",sadness,low,Decided to apply daya to resolve the mercy vs justice.,Achieved a sense of clarity and purpose,general,Synthetically_Enhanced_IKS_Model
IKS_EXT_281,Sadhaka,Bhagavad Gita,struggling with poverty,integrity vs shortcut,Goals,karma yoga,"Through karma yoga, one can navigate struggling with poverty and restore inner balance.","fear, integrity, shortcut",fear,high,Decided to apply karma yoga to resolve the integrity vs shortcut.,Achieved a sense of clarity and purpose,general,Synthetically_Enhanced_IKS_Model
IKS_EXT_282,Disciple,Bhagavad Gita,struggling with self-doubt,attachment vs detachment,Agency,dana,"Through dana, one can navigate struggling with self-doubt and restore inner balance.","moral tension, attachment, detachment",moral tension,high,Decided to apply dana to resolve the attachment vs detachment.,Achieved a sense of clarity and purpose,general,Synthetically_Enhanced_IKS_Model
IKS_EXT_283,Disciple,Bhagavad Gita,handling success and ego,loyalty vs righteousness,Agency,bhakti,"Through bhakti, one can navigate handling success and ego and restore inner balance.","moral tension, loyalty, righteousness",moral tension,high,Decided to apply bhakti to resolve the loyalty vs righteousness.,Achieved a sense of clarity and purpose,general,Synthetically_Enhanced_IKS_Model
IKS_EXT_284,Seeker,Bhagavad Gita,facing injustice from authority,non-violence vs self-defense,Goals,bhakti,"Through bhakti, one can navigate facing injustice from authority and restore inner balance.","fear, non-violence, self-defense",fear,low,Decided to apply bhakti to resolve the non-violence vs self-defense.,Achieved a sense of clarity and purpose,general,Synthetically_Enhanced_IKS_Model
IKS_EXT_285,Arjuna,Bhagavad Gita,feeling confused about career path,fear vs courage,Pathways,shanti,"Through shanti, one can navigate feeling confused about career path and restore inner balance.","anger, fear, courage",anger,high,Decided to apply shanti to resolve the fear vs courage.,Achieved a sense of clarity and purpose,general,Synthetically_Enhanced_IKS_Model
IKS_EXT_286,Sanjaya,Bhagavad Gita,coping with aging,duty vs personal gain,Goals,kshama,"Through kshama, one can navigate coping with aging and restore inner balance.","confusion, duty, personal gain",confusion,low,Decided to apply kshama to resolve the duty vs personal gain.,Achieved a sense of clarity and purpose,general,Synthetically_Enhanced_IKS_Model
IKS_EXT_287,Sadhaka,Bhagavad Gita,managing family conflicts,attachment vs detachment,Agency,kshama,"Through kshama, one can navigate managing family conflicts and restore inner balance.","sadness, attachment, detachment",sadness,high,Decided to apply kshama to resolve the attachment vs detachment.,Achieved a sense of clarity and purpose,general,Synthetically_Enhanced_IKS_Model
IKS_EXT_288,Krishna,Bhagavad Gita,facing a moral dilemma between family and duty,mercy vs justice,Pathways,kshama,"Through kshama, one can navigate facing a moral dilemma between family and duty and restore inner balance.","fear, mercy, justice",fear,medium,Decided to apply kshama to resolve the mercy vs justice.,Achieved a sense of clarity and purpose,general,Synthetically_Enhanced_IKS_Model
IKS_EXT_289,Krishna,Bhagavad Gita,handling jealousy and envy,fear vs courage,Goals,daya,"Through daya, one can navigate handling jealousy and envy and restore inner balance.","fear, fear, courage",fear,low,Decided to apply daya to resolve the fear vs courage.,Achieved a sense of clarity and purpose,general,Synthetically_Enhanced_IKS_Model
IKS_EXT_290,Disciple,Bhagavad Gita,dealing with unrequited efforts,integrity vs shortcut,Pathways,ahimsa,"Through ahimsa, one can navigate dealing with unrequited efforts and restore inner balance.","confusion, integrity, shortcut",confusion,medium,Decided to apply ahimsa to resolve the integrity vs shortcut.,Achieved a sense of clarity and purpose,general,Synthetically_Enhanced_IKS_Model
IKS_EXT_291,Disciple,Bhagavad Gita,overcoming traumatic past,fear vs courage,Goals,viveka,"Through viveka, one can navigate overcoming traumatic past and restore inner balance.","grief, fear, courage",grief,low,Decided to apply viveka to resolve the fear vs courage.,Achieved a sense of clarity and purpose,general,Synthetically_Enhanced_IKS_Model
IKS_EXT_292,Disciple,Bhagavad Gita,facing ethical corruption in workplace,hard work vs luck,Agency,dharma,"Through dharma, one can navigate facing ethical corruption in workplace and restore inner balance.","despair, hard work, luck",despair,high,Decided to apply dharma to resolve the hard work vs luck.,Achieved a sense of clarity and purpose,general,Synthetically_Enhanced_IKS_Model
IKS_EXT_293,Seeker,Bhagavad Gita,dealing with professional failure,fear vs courage,Agency,shanti,"Through shanti, one can navigate dealing with professional failure and restore inner balance.","anxiety, fear, courage",anxiety,high,Decided to apply shanti to resolve the fear vs courage.,Achieved a sense of clarity and purpose,general,Synthetically_Enhanced_IKS_Model
IKS_EXT_294,Seeker,Bhagavad Gita,dealing with unrequited efforts,hard work vs luck,Agency,satya,"Through satya, one can navigate dealing with unrequited efforts and restore inner balance.","confusion, hard work, luck",confusion,medium,Decided to apply satya to resolve the hard work vs luck.,Achieved a sense of clarity and purpose,general,Synthetically_Enhanced_IKS_Model
IKS_EXT_295,Arjuna,Bhagavad Gita,facing community isolation,fear vs courage,Goals,tapas,"Through tapas, one can navigate facing community isolation and restore inner balance.","frustration, fear, courage",frustration,low,Decided to apply tapas to resolve the fear vs courage.,Achieved a sense of clarity and purpose,general,Synthetically_Enhanced_IKS_Model
IKS_EXT_296,Krishna,Bhagavad Gita,dealing with public humiliation,duty vs personal gain,Pathways,ahimsa,"Through ahimsa, one can navigate dealing with public humiliation and restore inner balance.","helplessness, duty, personal gain",helplessness,medium,Decided to apply ahimsa to resolve the duty vs personal gain.,Achieved a sense of clarity and purpose,general,Synthetically_Enhanced_IKS_Model
IKS_EXT_297,Arjuna,Bhagavad Gita,overcoming fear of death,self-interest vs social good,Pathways,daya,"Through daya, one can navigate overcoming fear of death and restore inner balance.","frustration, self-interest, social good",frustration,high,Decided to apply daya to resolve the self-interest vs social good.,Achieved a sense of clarity and purpose,general,Synthetically_Enhanced_IKS_Model
IKS_EXT_298,Disciple,Bhagavad Gita,facing ethical corruption in workplace,self-interest vs social good,Goals,ahimsa,"Through ahimsa, one can navigate facing ethical corruption in workplace and restore inner balance.","anger, self-interest, social good",anger,low,Decided to apply ahimsa to resolve the self-interest vs social good.,Achieved a sense of clarity and purpose,general,Synthetically_Enhanced_IKS_Model
IKS_EXT_299,Sadhaka,Bhagavad Gita,coping with aging,forgiveness vs anger,Goals,daya,"Through daya, one can navigate coping with aging and restore inner balance.","confusion, forgiveness, anger",confusion,high,Decided to apply daya to resolve the forgiveness vs anger.,Achieved a sense of clarity and purpose,general,Synthetically_Enhanced_IKS_Model
IKS_EXT_300,Arjuna,Bhagavad Gita,struggling with lack of resources,self-interest vs social good,Pathways,shanti,"Through shanti, one can navigate struggling with lack of resources and restore inner balance.","confusion, self-interest, social good",confusion,low,Decided to apply shanti to resolve the self-interest vs social good.,Achieved a sense of clarity and purpose,general,Synthetically_Enhanced_IKS_Model
IKS_EXT_301,Colleague,Life of A. P. J. Abdul Kalam,feeling confused about career path,ambition vs contentment,Pathways,satya,"Through satya, one can navigate feeling confused about career path and restore inner balance.","fear, ambition, contentment",fear,medium,Decided to apply satya to resolve the ambition vs contentment.,Achieved a sense of clarity and purpose,general,Synthetically_Enhanced_IKS_Model
IKS_EXT_302,Student,Life of A. P. J. Abdul Kalam,coping with aging,tradition vs innovation,Agency,vairagya,"Through vairagya, one can navigate coping with aging and restore inner balance.","anger, tradition, innovation",anger,medium,Decided to apply vairagya to resolve the tradition vs innovation.,Achieved a sense of clarity and purpose,general,Synthetically_Enhanced_IKS_Model
IKS_EXT_303,Pilot Aspirant,Life of A. P. J. Abdul Kalam,experiencing a crisis of faith,patience vs impulse,Pathways,ahimsa,"Through ahimsa, one can navigate experiencing a crisis of faith and restore inner balance.","confusion, patience, impulse",confusion,low,Decided to apply ahimsa to resolve the patience vs impulse.,Achieved a sense of clarity and purpose,general,Synthetically_Enhanced_IKS_Model
IKS_EXT_304,Teacher,Life of A. P. J. Abdul Kalam,coping with aging,truth vs convenience,Pathways,karma yoga,"Through karma yoga, one can navigate coping with aging and restore inner balance.","anxiety, truth, convenience",anxiety,low,Decided to apply karma yoga to resolve the truth vs convenience.,Achieved a sense of clarity and purpose,general,Synthetically_Enhanced_IKS_Model
IKS_EXT_305,Kalam,Life of A. P. J. Abdul Kalam,facing a loss of a loved one,integrity vs shortcut,Goals,ahimsa,"Through ahimsa, one can navigate facing a loss of a loved one and restore inner balance.","anger, integrity, shortcut",anger,low,Decided to apply ahimsa to resolve the integrity vs shortcut.,Achieved a sense of clarity and purpose,general,Synthetically_Enhanced_IKS_Model
IKS_EXT_306,Scientist,Life of A. P. J. Abdul Kalam,seeking purpose in life,duty vs personal gain,Agency,dharma,"Through dharma, one can navigate seeking purpose in life and restore inner balance.","despair, duty, personal gain",despair,low,Decided to apply dharma to resolve the duty vs personal gain.,Achieved a sense of clarity and purpose,general,Synthetically_Enhanced_IKS_Model
IKS_EXT_307,Colleague,Life of A. P. J. Abdul Kalam,dealing with unrequited efforts,truth vs convenience,Goals,tapas,"Through tapas, one can navigate dealing with unrequited efforts and restore inner balance.","anxiety, truth, convenience",anxiety,medium,Decided to apply tapas to resolve the truth vs convenience.,Achieved a sense of clarity and purpose,general,Synthetically_Enhanced_IKS_Model
IKS_EXT_308,Scientist,Life of A. P. J. Abdul Kalam,facing a moral dilemma between family and duty,hard work vs luck,Agency,dharma,"Through dharma, one can navigate facing a moral dilemma between family and duty and restore inner balance.","fear, hard work, luck",fear,medium,Decided to apply dharma to resolve the hard work vs luck.,Achieved a sense of clarity and purpose,general,Synthetically_Enhanced_IKS_Model
IKS_EXT_309,Student,Life of A. P. J. Abdul Kalam,facing betrayal by a friend,fear vs courage,Goals,dana,"Through dana, one can navigate facing betrayal by a friend and restore inner balance.","helplessness, fear, courage",helplessness,high,Decided to apply dana to resolve the fear vs courage.,Achieved a sense of clarity and purpose,general,Synthetically_Enhanced_IKS_Model
IKS_EXT_310,Colleague,Life of A. P. J. Abdul Kalam,feeling confused about career path,mercy vs justice,Agency,ahimsa,"Through ahimsa, one can navigate feeling confused about career path and restore inner balance.","fear, mercy, justice",fear,high,Decided to apply ahimsa to resolve the mercy vs justice.,Achieved a sense of clarity and purpose,general,Synthetically_Enhanced_IKS_Model
IKS_EXT_311,Student,Life of A. P. J. Abdul Kalam,overcoming traumatic past,duty vs personal gain,Agency,shanti,"Through shanti, one can navigate overcoming traumatic past and restore inner balance.","grief, duty, personal gain",grief,high,Decided to apply shanti to resolve the duty vs personal gain.,Achieved a sense of clarity and purpose,general,Synthetically_Enhanced_IKS_Model
IKS_EXT_312,Teacher,Life of A. P. J. Abdul Kalam,facing ethical corruption in workplace,forgiveness vs anger,Agency,kshama,"Through kshama, one can navigate facing ethical corruption in workplace and restore inner balance.","sadness, forgiveness, anger",sadness,medium,Decided to apply kshama to resolve the forgiveness vs anger.,Achieved a sense of clarity and purpose,general,Synthetically_Enhanced_IKS_Model
IKS_EXT_313,Student,Life of A. P. J. Abdul Kalam,overcoming traumatic past,fear vs courage,Goals,bhakti,"Through bhakti, one can navigate overcoming traumatic past and restore inner balance.","anxiety, fear, courage",anxiety,high,Decided to apply bhakti to resolve the fear vs courage.,Achieved a sense of clarity and purpose,general,Synthetically_Enhanced_IKS_Model
IKS_EXT_314,Scientist,Life of A. P. J. Abdul Kalam,managing family conflicts,truth vs convenience,Pathways,satya,"Through satya, one can navigate managing family conflicts and restore inner balance.","sadness, truth, convenience",sadness,high,Decided to apply satya to resolve the truth vs convenience.,Achieved a sense of clarity and purpose,general,Synthetically_Enhanced_IKS_Model
IKS_EXT_315,Colleague,Life of A. P. J. Abdul Kalam,facing injustice from authority,duty vs personal gain,Agency,satya,"Through satya, one can navigate facing injustice from authority and restore inner balance.","helplessness, duty, personal gain",helplessness,high,Decided to apply satya to resolve the duty vs personal gain.,Achieved a sense of clarity and purpose,general,Synthetically_Enhanced_IKS_Model
IKS_EXT_316,Kalam,Life of A. P. J. Abdul Kalam,handling jealousy and envy,faith vs logic,Goals,kshama,"Through kshama, one can navigate handling jealousy and envy and restore inner balance.","anxiety, faith, logic",anxiety,low,Decided to apply kshama to resolve the faith vs logic.,Achieved a sense of clarity and purpose,general,Synthetically_Enhanced_IKS_Model
IKS_EXT_317,Pilot Aspirant,Life of A. P. J. Abdul Kalam,facing injustice from authority,self-interest vs social good,Pathways,karma yoga,"Through karma yoga, one can navigate facing injustice from authority and restore inner balance.","moral tension, self-interest, social good",moral tension,high,Decided to apply karma yoga to resolve the self-interest vs social good.,Achieved a sense of clarity and purpose,general,Synthetically_Enhanced_IKS_Model
IKS_EXT_318,Colleague,Life of A. P. J. Abdul Kalam,feeling lonely in a crowd,faith vs logic,Agency,dharma,"Through dharma, one can navigate feeling lonely in a crowd and restore inner balance.","sadness, faith, logic",sadness,medium,Decided to apply dharma to resolve the faith vs logic.,Achieved a sense of clarity and purpose,general,Synthetically_Enhanced_IKS_Model
IKS_EXT_319,Pilot Aspirant,Life of A. P. J. Abdul Kalam,facing betrayal by a friend,faith vs logic,Pathways,satya,"Through satya, one can navigate facing betrayal by a friend and restore inner balance.","fear, faith, logic",fear,medium,Decided to apply satya to resolve the faith vs logic.,Achieved a sense of clarity and purpose,general,Synthetically_Enhanced_IKS_Model
IKS_EXT_320,Colleague,Life of A. P. J. Abdul Kalam,dealing with anger and revenge,tradition vs innovation,Pathways,viveka,"Through viveka, one can navigate dealing with anger and revenge and restore inner balance.","moral tension, tradition, innovation",moral tension,high,Decided to apply viveka to resolve the tradition vs innovation.,Achieved a sense of clarity and purpose,general,Synthetically_Enhanced_IKS_Model
IKS_EXT_321,Scientist,Life of A. P. J. Abdul Kalam,dealing with physical illness,duty vs personal gain,Pathways,viveka,"Through viveka, one can navigate dealing with physical illness and restore inner balance.","grief, duty, personal gain",grief,high,Decided to apply viveka to resolve the duty vs personal gain.,Achieved a sense of clarity and purpose,general,Synthetically_Enhanced_IKS_Model
IKS_EXT_322,Pilot Aspirant,Life of A. P. J. Abdul Kalam,balancing personal growth with social duty,loyalty vs righteousness,Goals,shanti,"Through shanti, one can navigate balancing personal growth with social duty and restore inner balance.","anger, loyalty, righteousness",anger,low,Decided to apply shanti to resolve the loyalty vs righteousness.,Achieved a sense of clarity and purpose,general,Synthetically_Enhanced_IKS_Model
IKS_EXT_323,Scientist,Life of A. P. J. Abdul Kalam,feeling confused about career path,forgiveness vs anger,Agency,satya,"Through satya, one can navigate feeling confused about career path and restore inner balance.","fear, forgiveness, anger",fear,medium,Decided to apply satya to resolve the forgiveness vs anger.,Achieved a sense of clarity and purpose,general,Synthetically_Enhanced_IKS_Model
IKS_EXT_324,Student,Life of A. P. J. Abdul Kalam,managing family conflicts,loyalty vs righteousness,Agency,vairagya,"Through vairagya, one can navigate managing family conflicts and restore inner balance.","anxiety, loyalty, righteousness",anxiety,low,Decided to apply vairagya to resolve the loyalty vs righteousness.,Achieved a sense of clarity and purpose,general,Synthetically_Enhanced_IKS_Model
IKS_EXT_325,Kalam,Life of A. P. J. Abdul Kalam,facing a moral dilemma between family and duty,hard work vs luck,Pathways,dana,"Through dana, one can navigate facing a moral dilemma between family and duty and restore inner balance.","anxiety, hard work, luck",anxiety,medium,Decided to apply dana to resolve the hard work vs luck.,Achieved a sense of clarity and purpose,general,Synthetically_Enhanced_IKS_Model
IKS_EXT_326,Scientist,Life of A. P. J. Abdul Kalam,handling jealousy and envy,tradition vs innovation,Agency,daya,"Through daya, one can navigate handling jealousy and envy and restore inner balance.","sadness, tradition, innovation",sadness,low,Decided to apply daya to resolve the tradition vs innovation.,Achieved a sense of clarity and purpose,general,Synthetically_Enhanced_IKS_Model
IKS_EXT_327,Teacher,Life of A. P. J. Abdul Kalam,facing community isolation,tradition vs innovation,Pathways,satya,"Through satya, one can navigate facing community isolation and restore inner balance.","anger, tradition, innovation",anger,medium,Decided to apply satya to resolve the tradition vs innovation.,Achieved a sense of clarity and purpose,general,Synthetically_Enhanced_IKS_Model
IKS_EXT_328,Colleague,Life of A. P. J. Abdul Kalam,struggling with addiction or bad habits,forgiveness vs anger,Agency,viveka,"Through viveka, one can navigate struggling with addiction or bad habits and restore inner balance.","grief, forgiveness, anger",grief,low,Decided to apply viveka to resolve the forgiveness vs anger.,Achieved a sense of clarity and purpose,general,Synthetically_Enhanced_IKS_Model
IKS_EXT_329,Scientist,Life of A. P. J. Abdul Kalam,facing community isolation,forgiveness vs anger,Pathways,satya,"Through satya, one can navigate facing community isolation and restore inner balance.","helplessness, forgiveness, anger",helplessness,high,Decided to apply satya to resolve the forgiveness vs anger.,Achieved a sense of clarity and purpose,general,Synthetically_Enhanced_IKS_Model
IKS_EXT_330,Pilot Aspirant,Life of A. P. J. Abdul Kalam,facing social discrimination,truth vs convenience,Agency,satya,"Through satya, one can navigate facing social discrimination and restore inner balance.","grief, truth, convenience",grief,medium,Decided to apply satya to resolve the truth vs convenience.,Achieved a sense of clarity and purpose,general,Synthetically_Enhanced_IKS_Model
IKS_EXT_331,Pilot Aspirant,Life of A. P. J. Abdul Kalam,overcoming traumatic past,truth vs convenience,Pathways,satya,"Through satya, one can navigate overcoming traumatic past and restore inner balance.","despair, truth, convenience",despair,high,Decided to apply satya to resolve the truth vs convenience.,Achieved a sense of clarity and purpose,general,Synthetically_Enhanced_IKS_Model
IKS_EXT_332,Student,Life of A. P. J. Abdul Kalam,experiencing a crisis of faith,ambition vs contentment,Pathways,shanti,"Through shanti, one can navigate experiencing a crisis of faith and restore inner balance.","frustration, ambition, contentment",frustration,high,Decided to apply shanti to resolve the ambition vs contentment.,Achieved a sense of clarity and purpose,general,Synthetically_Enhanced_IKS_Model
IKS_EXT_333,Kalam,Life of A. P. J. Abdul Kalam,seeking purpose in life,tradition vs innovation,Pathways,dana,"Through dana, one can navigate seeking purpose in life and restore inner balance.","sadness, tradition, innovation",sadness,high,Decided to apply dana to resolve the tradition vs innovation.,Achieved a sense of clarity and purpose,general,Synthetically_Enhanced_IKS_Model
IKS_EXT_334,Scientist,Life of A. P. J. Abdul Kalam,handling success and ego,fear vs courage,Agency,karma yoga,"Through karma yoga, one can navigate handling success and ego and restore inner balance.","sadness, fear, courage",sadness,medium,Decided to apply karma yoga to resolve the fear vs courage.,Achieved a sense of clarity and purpose,general,Synthetically_Enhanced_IKS_Model
IKS_EXT_335,Pilot Aspirant,Life of A. P. J. Abdul Kalam,struggling with self-doubt,fear vs courage,Agency,bhakti,"Through bhakti, one can navigate struggling with self-doubt and restore inner balance.","fear, fear, courage",fear,medium,Decided to apply bhakti to resolve the fear vs courage.,Achieved a sense of clarity and purpose,general,Synthetically_Enhanced_IKS_Model
IKS_EXT_336,Colleague,Life of A. P. J. Abdul Kalam,facing a moral dilemma between family and duty,attachment vs detachment,Agency,satya,"Through satya, one can navigate facing a moral dilemma between family and duty and restore inner balance.","anxiety, attachment, detachment",anxiety,high,Decided to apply satya to resolve the attachment vs detachment.,Achieved a sense of clarity and purpose,general,Synthetically_Enhanced_IKS_Model
IKS_EXT_337,Pilot Aspirant,Life of A. P. J. Abdul Kalam,facing ethical corruption in workplace,hard work vs luck,Goals,dharma,"Through dharma, one can navigate facing ethical corruption in workplace and restore inner balance.","confusion, hard work, luck",confusion,high,Decided to apply dharma to resolve the hard work vs luck.,Achieved a sense of clarity and purpose,general,Synthetically_Enhanced_IKS_Model
IKS_EXT_338,Teacher,Life of A. P. J. Abdul Kalam,dealing with anger and revenge,faith vs logic,Agency,ahimsa,"Through ahimsa, one can navigate dealing with anger and revenge and restore inner balance.","fear, faith, logic",fear,medium,Decided to apply ahimsa to resolve the faith vs logic.,Achieved a sense of clarity and purpose,general,Synthetically_Enhanced_IKS_Model
IKS_EXT_339,Pilot Aspirant,Life of A. P. J. Abdul Kalam,dealing with anger and revenge,integrity vs shortcut,Agency,daya,"Through daya, one can navigate dealing with anger and revenge and restore inner balance.","helplessness, integrity, shortcut",helplessness,low,Decided to apply daya to resolve the integrity vs shortcut.,Achieved a sense of clarity and purpose,general,Synthetically_Enhanced_IKS_Model
IKS_EXT_340,Scientist,Life of A. P. J. Abdul Kalam,balancing personal growth with social duty,truth vs convenience,Agency,tapas,"Through tapas, one can navigate balancing personal growth with social duty and restore inner balance.","helplessness, truth, convenience",helplessness,low,Decided to apply tapas to resolve the truth vs convenience.,Achieved a sense of clarity and purpose,general,Synthetically_Enhanced_IKS_Model
IKS_EXT_341,Pilot Aspirant,Life of A. P. J. Abdul Kalam,overcoming fear of death,patience vs impulse,Pathways,dana,"Through dana, one can navigate overcoming fear of death and restore inner balance.","fear, patience, impulse",fear,low,Decided to apply dana to resolve the patience vs impulse.,Achieved a sense of clarity and purpose,general,Synthetically_Enhanced_IKS_Model
IKS_EXT_342,Teacher,Life of A. P. J. Abdul Kalam,coping with aging,faith vs logic,Pathways,ahimsa,"Through ahimsa, one can navigate coping with aging and restore inner balance.","despair, faith, logic",despair,medium,Decided to apply ahimsa to resolve the faith vs logic.,Achieved a sense of clarity and purpose,general,Synthetically_Enhanced_IKS_Model
IKS_EXT_343,Kalam,Life of A. P. J. Abdul Kalam,handling jealousy and envy,attachment vs detachment,Goals,bhakti,"Through bhakti, one can navigate handling jealousy and envy and restore inner balance.","frustration, attachment, detachment",frustration,medium,Decided to apply bhakti to resolve the attachment vs detachment.,Achieved a sense of clarity and purpose,general,Synthetically_Enhanced_IKS_Model
IKS_EXT_344,Teacher,Life of A. P. J. Abdul Kalam,experiencing a crisis of faith,faith vs logic,Pathways,dharma,"Through dharma, one can navigate experiencing a crisis of faith and restore inner balance.","anxiety, faith, logic",anxiety,high,Decided to apply dharma to resolve the faith vs logic.,Achieved a sense of clarity and purpose,general,Synthetically_Enhanced_IKS_Model
IKS_EXT_345,Student,Life of A. P. J. Abdul Kalam,feeling confused about career path,integrity vs shortcut,Agency,satya,"Through satya, one can navigate feeling confused about career path and restore inner balance.","moral tension, integrity, shortcut",moral tension,medium,Decided to apply satya to resolve the integrity vs shortcut.,Achieved a sense of clarity and purpose,general,Synthetically_Enhanced_IKS_Model
IKS_EXT_346,Teacher,Life of A. P. J. Abdul Kalam,struggling with lack of resources,patience vs impulse,Pathways,vairagya,"Through vairagya, one can navigate struggling with lack of resources and restore inner balance.","helplessness, patience, impulse",helplessness,medium,Decided to apply vairagya to resolve the patience vs impulse.,Achieved a sense of clarity and purpose,general,Synthetically_Enhanced_IKS_Model
IKS_EXT_347,Scientist,Life of A. P. J. Abdul Kalam,facing community isolation,ambition vs contentment,Pathways,daya,"Through daya, one can navigate facing community isolation and restore inner balance.","grief, ambition, contentment",grief,high,Decided to apply daya to resolve the ambition vs contentment.,Achieved a sense of clarity and purpose,general,Synthetically_Enhanced_IKS_Model
IKS_EXT_348,Pilot Aspirant,Life of A. P. J. Abdul Kalam,dealing with unrequited efforts,truth vs convenience,Goals,ahimsa,"Through ahimsa, one can navigate dealing with unrequited efforts and restore inner balance.","anger, truth, convenience",anger,low,Decided to apply ahimsa to resolve the truth vs convenience.,Achieved a sense of clarity and purpose,general,Synthetically_Enhanced_IKS_Model
IKS_EXT_349,Kalam,Life of A. P. J. Abdul Kalam,coping with aging,mercy vs justice,Agency,bhakti,"Through bhakti, one can navigate coping with aging and restore inner balance.","despair, mercy, justice",despair,medium,Decided to apply bhakti to resolve the mercy vs justice.,Achieved a sense of clarity and purpose,general,Synthetically_Enhanced_IKS_Model
IKS_EXT_350,Teacher,Life of A. P. J. Abdul Kalam,facing injustice from authority,attachment vs detachment,Pathways,viveka,"Through viveka, one can navigate facing injustice from authority and restore inner balance.","moral tension, attachment, detachment",moral tension,medium,Decided to apply viveka to resolve the attachment vs detachment.,Achieved a sense of clarity and purpose,general,Synthetically_Enhanced_IKS_Model
IKS_EXT_351,Scientist,Life of A. P. J. Abdul Kalam,handling jealousy and envy,integrity vs shortcut,Agency,shanti,"Through shanti, one can navigate handling jealousy and envy and restore inner balance.","anger, integrity, shortcut",anger,high,Decided to apply shanti to resolve the integrity vs shortcut.,Achieved a sense of clarity and purpose,general,Synthetically_Enhanced_IKS_Model
IKS_EXT_352,Pilot Aspirant,Life of A. P. J. Abdul Kalam,facing exhaustion and burnout,tradition vs innovation,Goals,satya,"Through satya, one can navigate facing exhaustion and burnout and restore inner balance.","anxiety, tradition, innovation",anxiety,high,Decided to apply satya to resolve the tradition vs innovation.,Achieved a sense of clarity and purpose,general,Synthetically_Enhanced_IKS_Model
IKS_EXT_353,Student,Life of A. P. J. Abdul Kalam,handling jealousy and envy,mercy vs justice,Pathways,kshama,"Through kshama, one can navigate handling jealousy and envy and restore inner balance.","fear, mercy, justice",fear,low,Decided to apply kshama to resolve the mercy vs justice.,Achieved a sense of clarity and purpose,general,Synthetically_Enhanced_IKS_Model
IKS_EXT_354,Pilot Aspirant,Life of A. P. J. Abdul Kalam,handling jealousy and envy,mercy vs justice,Pathways,viveka,"Through viveka, one can navigate handling jealousy and envy and restore inner balance.","sadness, mercy, justice",sadness,medium,Decided to apply viveka to resolve the mercy vs justice.,Achieved a sense of clarity and purpose,general,Synthetically_Enhanced_IKS_Model
IKS_EXT_355,Kalam,Life of A. P. J. Abdul Kalam,experiencing a crisis of faith,faith vs logic,Agency,bhakti,"Through bhakti, one can navigate experiencing a crisis of faith and restore inner balance.","helplessness, faith, logic",helplessness,medium,Decided to apply bhakti to resolve the faith vs logic.,Achieved a sense of clarity and purpose,general,Synthetically_Enhanced_IKS_Model
IKS_EXT_356,Pilot Aspirant,Life of A. P. J. Abdul Kalam,facing social discrimination,integrity vs shortcut,Agency,satya,"Through satya, one can navigate facing social discrimination and restore inner balance.","sadness, integrity, shortcut",sadness,medium,Decided to apply satya to resolve the integrity vs shortcut.,Achieved a sense of clarity and purpose,general,Synthetically_Enhanced_IKS_Model
IKS_EXT_357,Scientist,Life of A. P. J. Abdul Kalam,facing betrayal by a friend,tradition vs innovation,Agency,shanti,"Through shanti, one can navigate facing betrayal by a friend and restore inner balance.","despair, tradition, innovation",despair,high,Decided to apply shanti to resolve the tradition vs innovation.,Achieved a sense of clarity and purpose,general,Synthetically_Enhanced_IKS_Model
IKS_EXT_358,Student,Life of A. P. J. Abdul Kalam,facing social discrimination,loyalty vs righteousness,Goals,daya,"Through daya, one can navigate facing social discrimination and restore inner balance.","moral tension, loyalty, righteousness",moral tension,medium,Decided to apply daya to resolve the loyalty vs righteousness.,Achieved a sense of clarity and purpose,general,Synthetically_Enhanced_IKS_Model
IKS_EXT_359,Colleague,Life of A. P. J. Abdul Kalam,facing community isolation,faith vs logic,Pathways,satya,"Through satya, one can navigate facing community isolation and restore inner balance.","sadness, faith, logic",sadness,medium,Decided to apply satya to resolve the faith vs logic.,Achieved a sense of clarity and purpose,general,Synthetically_Enhanced_IKS_Model
IKS_EXT_360,Colleague,Life of A. P. J. Abdul Kalam,coping with aging,fear vs courage,Agency,ahimsa,"Through ahimsa, one can navigate coping with aging and restore inner balance.","sadness, fear, courage",sadness,low,Decided to apply ahimsa to resolve the fear vs courage.,Achieved a sense of clarity and purpose,general,Synthetically_Enhanced_IKS_Model
IKS_EXT_361,Kalam,Life of A. P. J. Abdul Kalam,dealing with unrequited efforts,faith vs logic,Goals,shanti,"Through shanti, one can navigate dealing with unrequited efforts and restore inner balance.","grief, faith, logic",grief,medium,Decided to apply shanti to resolve the faith vs logic.,Achieved a sense of clarity and purpose,general,Synthetically_Enhanced_IKS_Model
IKS_EXT_362,Teacher,Life of A. P. J. Abdul Kalam,facing a loss of a loved one,patience vs impulse,Goals,satya,"Through satya, one can navigate facing a loss of a loved one and restore inner balance.","despair, patience, impulse",despair,medium,Decided to apply satya to resolve the patience vs impulse.,Achieved a sense of clarity and purpose,general,Synthetically_Enhanced_IKS_Model
IKS_EXT_363,Kalam,Life of A. P. J. Abdul Kalam,struggling with poverty,truth vs convenience,Pathways,vairagya,"Through vairagya, one can navigate struggling with poverty and restore inner balance.","confusion, truth, convenience",confusion,medium,Decided to apply vairagya to resolve the truth vs convenience.,Achieved a sense of clarity and purpose,general,Synthetically_Enhanced_IKS_Model
IKS_EXT_364,Scientist,Life of A. P. J. Abdul Kalam,managing family conflicts,hard work vs luck,Goals,bhakti,"Through bhakti, one can navigate managing family conflicts and restore inner balance.","helplessness, hard work, luck",helplessness,high,Decided to apply bhakti to resolve the hard work vs luck.,Achieved a sense of clarity and purpose,general,Synthetically_Enhanced_IKS_Model
IKS_EXT_365,Kalam,Life of A. P. J. Abdul Kalam,struggling with poverty,patience vs impulse,Pathways,shanti,"Through shanti, one can navigate struggling with poverty and restore inner balance.","confusion, patience, impulse",confusion,low,Decided to apply shanti to resolve the patience vs impulse.,Achieved a sense of clarity and purpose,general,Synthetically_Enhanced_IKS_Model
IKS_EXT_366,Kalam,Life of A. P. J. Abdul Kalam,experiencing a crisis of faith,patience vs impulse,Goals,dana,"Through dana, one can navigate experiencing a crisis of faith and restore inner balance.","grief, patience, impulse",grief,low,Decided to apply dana to resolve the patience vs impulse.,Achieved a sense of clarity and purpose,general,Synthetically_Enhanced_IKS_Model
IKS_EXT_367,Pilot Aspirant,Life of A. P. J. Abdul Kalam,feeling lonely in a crowd,attachment vs detachment,Pathways,daya,"Through daya, one can navigate feeling lonely in a crowd and restore inner balance.","sadness, attachment, detachment",sadness,low,Decided to apply daya to resolve the attachment vs detachment.,Achieved a sense of clarity and purpose,general,Synthetically_Enhanced_IKS_Model
IKS_EXT_368,Teacher,Life of A. P. J. Abdul Kalam,facing exhaustion and burnout,self-interest vs social good,Pathways,satya,"Through satya, one can navigate facing exhaustion and burnout and restore inner balance.","despair, self-interest, social good",despair,low,Decided to apply satya to resolve the self-interest vs social good.,Achieved a sense of clarity and purpose,general,Synthetically_Enhanced_IKS_Model
IKS_EXT_369,Teacher,Life of A. P. J. Abdul Kalam,dealing with anger and revenge,mercy vs justice,Agency,dana,"Through dana, one can navigate dealing with anger and revenge and restore inner balance.","grief, mercy, justice",grief,medium,Decided to apply dana to resolve the mercy vs justice.,Achieved a sense of clarity and purpose,general,Synthetically_Enhanced_IKS_Model
IKS_EXT_370,Scientist,Life of A. P. J. Abdul Kalam,handling success and ego,self-interest vs social good,Goals,dana,"Through dana, one can navigate handling success and ego and restore inner balance.","moral tension, self-interest, social good",moral tension,high,Decided to apply dana to resolve the self-interest vs social good.,Achieved a sense of clarity and purpose,general,Synthetically_Enhanced_IKS_Model
IKS_EXT_371,Scientist,Life of A. P. J. Abdul Kalam,dealing with unrequited efforts,truth vs convenience,Pathways,bhakti,"Through bhakti, one can navigate dealing with unrequited efforts and restore inner balance.","grief, truth, convenience",grief,medium,Decided to apply bhakti to resolve the truth vs convenience.,Achieved a sense of clarity and purpose,general,Synthetically_Enhanced_IKS_Model
IKS_EXT_372,Kalam,Life of A. P. J. Abdul Kalam,facing ethical corruption in workplace,hard work vs luck,Goals,bhakti,"Through bhakti, one can navigate facing ethical corruption in workplace and restore inner balance.","moral tension, hard work, luck",moral tension,high,Decided to apply bhakti to resolve the hard work vs luck.,Achieved a sense of clarity and purpose,general,Synthetically_Enhanced_IKS_Model
IKS_EXT_373,Student,Life of A. P. J. Abdul Kalam,dealing with anger and revenge,tradition vs innovation,Pathways,daya,"Through daya, one can navigate dealing with anger and revenge and restore inner balance.","sadness, tradition, innovation",sadness,low,Decided to apply daya to resolve the tradition vs innovation.,Achieved a sense of clarity and purpose,general,Synthetically_Enhanced_IKS_Model
IKS_EXT_374,Colleague,Life of A. P. J. Abdul Kalam,facing injustice from authority,duty vs personal gain,Goals,dharma,"Through dharma, one can navigate facing injustice from authority and restore inner balance.","anger, duty, personal gain",anger,low,Decided to apply dharma to resolve the duty vs personal gain.,Achieved a sense of clarity and purpose,general,Synthetically_Enhanced_IKS_Model
IKS_EXT_375,Kalam,Life of A. P. J. Abdul Kalam,dealing with anger and revenge,truth vs convenience,Agency,vairagya,"Through vairagya, one can navigate dealing with anger and revenge and restore inner balance.","helplessness, truth, convenience",helplessness,high,Decided to apply vairagya to resolve the truth vs convenience.,Achieved a sense of clarity and purpose,general,Synthetically_Enhanced_IKS_Model
IKS_EXT_376,Pilot Aspirant,Life of A. P. J. Abdul Kalam,feeling confused about career path,non-violence vs self-defense,Goals,shanti,"Through shanti, one can navigate feeling confused about career path and restore inner balance.","frustration, non-violence, self-defense",frustration,high,Decided to apply shanti to resolve the non-violence vs self-defense.,Achieved a sense of clarity and purpose,general,Synthetically_Enhanced_IKS_Model
IKS_EXT_377,Teacher,Life of A. P. J. Abdul Kalam,struggling with self-doubt,loyalty vs righteousness,Agency,kshama,"Through kshama, one can navigate struggling with self-doubt and restore inner balance.","despair, loyalty, righteousness",despair,high,Decided to apply kshama to resolve the loyalty vs righteousness.,Achieved a sense of clarity and purpose,general,Synthetically_Enhanced_IKS_Model
IKS_EXT_378,Kalam,Life of A. P. J. Abdul Kalam,overcoming traumatic past,tradition vs innovation,Agency,karma yoga,"Through karma yoga, one can navigate overcoming traumatic past and restore inner balance.","grief, tradition, innovation",grief,high,Decided to apply karma yoga to resolve the tradition vs innovation.,Achieved a sense of clarity and purpose,general,Synthetically_Enhanced_IKS_Model
IKS_EXT_379,Teacher,Life of A. P. J. Abdul Kalam,dealing with financial debt,fear vs courage,Agency,daya,"Through daya, one can navigate dealing with financial debt and restore inner balance.","fear, fear, courage",fear,high,Decided to apply daya to resolve the fear vs courage.,Achieved a sense of clarity and purpose,general,Synthetically_Enhanced_IKS_Model
IKS_EXT_380,Colleague,Life of A. P. J. Abdul Kalam,overcoming fear of death,non-violence vs self-defense,Agency,dharma,"Through dharma, one can navigate overcoming fear of death and restore inner balance.","helplessness, non-violence, self-defense",helplessness,low,Decided to apply dharma to resolve the non-violence vs self-defense.,Achieved a sense of clarity and purpose,general,Synthetically_Enhanced_IKS_Model
IKS_EXT_381,Pilot Aspirant,Life of A. P. J. Abdul Kalam,feeling confused about career path,loyalty vs righteousness,Pathways,shanti,"Through shanti, one can navigate feeling confused about career path and restore inner balance.","helplessness, loyalty, righteousness",helplessness,low,Decided to apply shanti to resolve the loyalty vs righteousness.,Achieved a sense of clarity and purpose,general,Synthetically_Enhanced_IKS_Model
IKS_EXT_382,Kalam,Life of A. P. J. Abdul Kalam,feeling confused about career path,attachment vs detachment,Agency,bhakti,"Through bhakti, one can navigate feeling confused about career path and restore inner balance.","confusion, attachment, detachment",confusion,medium,Decided to apply bhakti to resolve the attachment vs detachment.,Achieved a sense of clarity and purpose,general,Synthetically_Enhanced_IKS_Model
IKS_EXT_383,Kalam,Life of A. P. J. Abdul Kalam,facing ethical corruption in workplace,attachment vs detachment,Pathways,dana,"Through dana, one can navigate facing ethical corruption in workplace and restore inner balance.","sadness, attachment, detachment",sadness,low,Decided to apply dana to resolve the attachment vs detachment.,Achieved a sense of clarity and purpose,general,Synthetically_Enhanced_IKS_Model
IKS_EXT_384,Kalam,Life of A. P. J. Abdul Kalam,balancing personal growth with social duty,integrity vs shortcut,Pathways,tapas,"Through tapas, one can navigate balancing personal growth with social duty and restore inner balance.","frustration, integrity, shortcut",frustration,high,Decided to apply tapas to resolve the integrity vs shortcut.,Achieved a sense of clarity and purpose,general,Synthetically_Enhanced_IKS_Model
IKS_EXT_385,Student,Life of A. P. J. Abdul Kalam,facing a loss of a loved one,patience vs impulse,Agency,dana,"Through dana, one can navigate facing a loss of a loved one and restore inner balance.","helplessness, patience, impulse",helplessness,low,Decided to apply dana to resolve the patience vs impulse.,Achieved a sense of clarity and purpose,general,Synthetically_Enhanced_IKS_Model
IKS_EXT_386,Pilot Aspirant,Life of A. P. J. Abdul Kalam,balancing personal growth with social duty,fear vs courage,Pathways,tapas,"Through tapas, one can navigate balancing personal growth with social duty and restore inner balance.","anger, fear, courage",anger,low,Decided to apply tapas to resolve the fear vs courage.,Achieved a sense of clarity and purpose,general,Synthetically_Enhanced_IKS_Model
IKS_EXT_387,Scientist,Life of A. P. J. Abdul Kalam,dealing with financial debt,duty vs personal gain,Pathways,bhakti,"Through bhakti, one can navigate dealing with financial debt and restore inner balance.","helplessness, duty, personal gain",helplessness,medium,Decided to apply bhakti to resolve the duty vs personal gain.,Achieved a sense of clarity and purpose,general,Synthetically_Enhanced_IKS_Model
IKS_EXT_388,Teacher,Life of A. P. J. Abdul Kalam,dealing with professional failure,faith vs logic,Pathways,viveka,"Through viveka, one can navigate dealing with professional failure and restore inner balance.","moral tension, faith, logic",moral tension,low,Decided to apply viveka to resolve the faith vs logic.,Achieved a sense of clarity and purpose,general,Synthetically_Enhanced_IKS_Model
IKS_EXT_389,Colleague,Life of A. P. J. Abdul Kalam,handling success and ego,self-interest vs social good,Goals,bhakti,"Through bhakti, one can navigate handling success and ego and restore inner balance.","confusion, self-interest, social good",confusion,high,Decided to apply bhakti to resolve the self-interest vs social good.,Achieved a sense of clarity and purpose,general,Synthetically_Enhanced_IKS_Model
IKS_EXT_390,Scientist,Life of A. P. J. Abdul Kalam,dealing with public humiliation,integrity vs shortcut,Pathways,kshama,"Through kshama, one can navigate dealing with public humiliation and restore inner balance.","despair, integrity, shortcut",despair,medium,Decided to apply kshama to resolve the integrity vs shortcut.,Achieved a sense of clarity and purpose,general,Synthetically_Enhanced_IKS_Model
IKS_EXT_391,Pilot Aspirant,Life of A. P. J. Abdul Kalam,dealing with public humiliation,forgiveness vs anger,Agency,satya,"Through satya, one can navigate dealing with public humiliation and restore inner balance.","helplessness, forgiveness, anger",helplessness,low,Decided to apply satya to resolve the forgiveness vs anger.,Achieved a sense of clarity and purpose,general,Synthetically_Enhanced_IKS_Model
IKS_EXT_392,Kalam,Life of A. P. J. Abdul Kalam,dealing with anger and revenge,hard work vs luck,Goals,ahimsa,"Through ahimsa, one can navigate dealing with anger and revenge and restore inner balance.","sadness, hard work, luck",sadness,medium,Decided to apply ahimsa to resolve the hard work vs luck.,Achieved a sense of clarity and purpose,general,Synthetically_Enhanced_IKS_Model
IKS_EXT_393,Colleague,Life of A. P. J. Abdul Kalam,seeking purpose in life,non-violence vs self-defense,Goals,karma yoga,"Through karma yoga, one can navigate seeking purpose in life and restore inner balance.","anxiety, non-violence, self-defense",anxiety,low,Decided to apply karma yoga to resolve the non-violence vs self-defense.,Achieved a sense of clarity and purpose,general,Synthetically_Enhanced_IKS_Model
IKS_EXT_394,Pilot Aspirant,Life of A. P. J. Abdul Kalam,feeling confused about career path,faith vs logic,Agency,viveka,"Through viveka, one can navigate feeling confused about career path and restore inner balance.","moral tension, faith, logic",moral tension,medium,Decided to apply viveka to resolve the faith vs logic.,Achieved a sense of clarity and purpose,general,Synthetically_Enhanced_IKS_Model
IKS_EXT_395,Kalam,Life of A. P. J. Abdul Kalam,seeking purpose in life,mercy vs justice,Goals,dana,"Through dana, one can navigate seeking purpose in life and restore inner balance.","confusion, mercy, justice",confusion,high,Decided to apply dana to resolve the mercy vs justice.,Achieved a sense of clarity and purpose,general,Synthetically_Enhanced_IKS_Model
IKS_EXT_396,Pilot Aspirant,Life of A. P. J. Abdul Kalam,overcoming traumatic past,fear vs courage,Pathways,ahimsa,"Through ahimsa, one can navigate overcoming traumatic past and restore inner balance.","frustration, fear, courage",frustration,high,Decided to apply ahimsa to resolve the fear vs courage.,Achieved a sense of clarity and purpose,general,Synthetically_Enhanced_IKS_Model
IKS_EXT_397,Kalam,Life of A. P. J. Abdul Kalam,dealing with unrequited efforts,fear vs courage,Pathways,dana,"Through dana, one can navigate dealing with unrequited efforts and restore inner balance.","moral tension, fear, courage",moral tension,medium,Decided to apply dana to resolve the fear vs courage.,Achieved a sense of clarity and purpose,general,Synthetically_Enhanced_IKS_Model
IKS_EXT_398,Scientist,Life of A. P. J. Abdul Kalam,overcoming traumatic past,faith vs logic,Agency,satya,"Through satya, one can navigate overcoming traumatic past and restore inner balance.","moral tension, faith, logic",moral tension,low,Decided to apply satya to resolve the faith vs logic.,Achieved a sense of clarity and purpose,general,Synthetically_Enhanced_IKS_Model
IKS_EXT_399,Kalam,Life of A. P. J. Abdul Kalam,struggling with lack of resources,fear vs courage,Goals,shanti,"Through shanti, one can navigate struggling with lack of resources and restore inner balance.","moral tension, fear, courage",moral tension,medium,Decided to apply shanti to resolve the fear vs courage.,Achieved a sense of clarity and purpose,general,Synthetically_Enhanced_IKS_Model
IKS_EXT_400,Colleague,Life of A. P. J. Abdul Kalam,overcoming procrastination,non-violence vs self-defense,Goals,karma yoga,"Through karma yoga, one can navigate overcoming procrastination and restore inner balance.","despair, non-violence, self-defense",despair,low,Decided to apply karma yoga to resolve the non-violence vs self-defense.,Achieved a sense of clarity and purpose,general,Synthetically_Enhanced_IKS_Model
IKS_EXT_401,Narendra,Life of Swami Vivekananda,experiencing a crisis of faith,non-violence vs self-defense,Goals,daya,"Through daya, one can navigate experiencing a crisis of faith and restore inner balance.","fear, non-violence, self-defense",fear,high,Decided to apply daya to resolve the non-violence vs self-defense.,Achieved a sense of clarity and purpose,general,Synthetically_Enhanced_IKS_Model
IKS_EXT_402,Vivekananda,Life of Swami Vivekananda,dealing with public humiliation,patience vs impulse,Agency,ahimsa,"Through ahimsa, one can navigate dealing with public humiliation and restore inner balance.","sadness, patience, impulse",sadness,high,Decided to apply ahimsa to resolve the patience vs impulse.,Achieved a sense of clarity and purpose,general,Synthetically_Enhanced_IKS_Model
IKS_EXT_403,Youth,Life of Swami Vivekananda,facing exhaustion and burnout,forgiveness vs anger,Pathways,bhakti,"Through bhakti, one can navigate facing exhaustion and burnout and restore inner balance.","grief, forgiveness, anger",grief,low,Decided to apply bhakti to resolve the forgiveness vs anger.,Achieved a sense of clarity and purpose,general,Synthetically_Enhanced_IKS_Model
IKS_EXT_404,Disciple,Life of Swami Vivekananda,dealing with physical illness,duty vs personal gain,Agency,viveka,"Through viveka, one can navigate dealing with physical illness and restore inner balance.","despair, duty, personal gain",despair,medium,Decided to apply viveka to resolve the duty vs personal gain.,Achieved a sense of clarity and purpose,general,Synthetically_Enhanced_IKS_Model
IKS_EXT_405,Disciple,Life of Swami Vivekananda,facing betrayal by a friend,forgiveness vs anger,Pathways,daya,"Through daya, one can navigate facing betrayal by a friend and restore inner balance.","anxiety, forgiveness, anger",anxiety,high,Decided to apply daya to resolve the forgiveness vs anger.,Achieved a sense of clarity and purpose,general,Synthetically_Enhanced_IKS_Model
IKS_EXT_406,Youth,Life of Swami Vivekananda,struggling with poverty,integrity vs shortcut,Goals,dharma,"Through dharma, one can navigate struggling with poverty and restore inner balance.","anger, integrity, shortcut",anger,high,Decided to apply dharma to resolve the integrity vs shortcut.,Achieved a sense of clarity and purpose,general,Synthetically_Enhanced_IKS_Model
IKS_EXT_407,Monk,Life of Swami Vivekananda,struggling with addiction or bad habits,tradition vs innovation,Goals,daya,"Through daya, one can navigate struggling with addiction or bad habits and restore inner balance.","grief, tradition, innovation",grief,low,Decided to apply daya to resolve the tradition vs innovation.,Achieved a sense of clarity and purpose,general,Synthetically_Enhanced_IKS_Model
IKS_EXT_408,Monk,Life of Swami Vivekananda,dealing with physical illness,truth vs convenience,Agency,ahimsa,"Through ahimsa, one can navigate dealing with physical illness and restore inner balance.","sadness, truth, convenience",sadness,medium,Decided to apply ahimsa to resolve the truth vs convenience.,Achieved a sense of clarity and purpose,general,Synthetically_Enhanced_IKS_Model
IKS_EXT_409,Vivekananda,Life of Swami Vivekananda,overcoming fear of death,mercy vs justice,Agency,dana,"Through dana, one can navigate overcoming fear of death and restore inner balance.","anger, mercy, justice",anger,medium,Decided to apply dana to resolve the mercy vs justice.,Achieved a sense of clarity and purpose,general,Synthetically_Enhanced_IKS_Model
IKS_EXT_410,Narendra,Life of Swami Vivekananda,facing ethical corruption in workplace,mercy vs justice,Goals,tapas,"Through tapas, one can navigate facing ethical corruption in workplace and restore inner balance.","despair, mercy, justice",despair,low,Decided to apply tapas to resolve the mercy vs justice.,Achieved a sense of clarity and purpose,general,Synthetically_Enhanced_IKS_Model
IKS_EXT_411,Youth,Life of Swami Vivekananda,facing a loss of a loved one,fear vs courage,Agency,dana,"Through dana, one can navigate facing a loss of a loved one and restore inner balance.","despair, fear, courage",despair,high,Decided to apply dana to resolve the fear vs courage.,Achieved a sense of clarity and purpose,general,Synthetically_Enhanced_IKS_Model
IKS_EXT_412,Narendra,Life of Swami Vivekananda,handling jealousy and envy,truth vs convenience,Agency,satya,"Through satya, one can navigate handling jealousy and envy and restore inner balance.","anger, truth, convenience",anger,high,Decided to apply satya to resolve the truth vs convenience.,Achieved a sense of clarity and purpose,general,Synthetically_Enhanced_IKS_Model
IKS_EXT_413,Monk,Life of Swami Vivekananda,experiencing a crisis of faith,ambition vs contentment,Goals,viveka,"Through viveka, one can navigate experiencing a crisis of faith and restore inner balance.","grief, ambition, contentment",grief,medium,Decided to apply viveka to resolve the ambition vs contentment.,Achieved a sense of clarity and purpose,general,Synthetically_Enhanced_IKS_Model
IKS_EXT_414,Monk,Life of Swami Vivekananda,struggling with self-doubt,non-violence vs self-defense,Goals,kshama,"Through kshama, one can navigate struggling with self-doubt and restore inner balance.","despair, non-violence, self-defense",despair,low,Decided to apply kshama to resolve the non-violence vs self-defense.,Achieved a sense of clarity and purpose,general,Synthetically_Enhanced_IKS_Model
IKS_EXT_415,Vivekananda,Life of Swami Vivekananda,coping with aging,faith vs logic,Agency,bhakti,"Through bhakti, one can navigate coping with aging and restore inner balance.","confusion, faith, logic",confusion,low,Decided to apply bhakti to resolve the faith vs logic.,Achieved a sense of clarity and purpose,general,Synthetically_Enhanced_IKS_Model
IKS_EXT_416,Narendra,Life of Swami Vivekananda,dealing with public humiliation,loyalty vs righteousness,Pathways,dana,"Through dana, one can navigate dealing with public humiliation and restore inner balance.","moral tension, loyalty, righteousness",moral tension,low,Decided to apply dana to resolve the loyalty vs righteousness.,Achieved a sense of clarity and purpose,general,Synthetically_Enhanced_IKS_Model
IKS_EXT_417,Disciple,Life of Swami Vivekananda,facing a moral dilemma between family and duty,hard work vs luck,Pathways,dharma,"Through dharma, one can navigate facing a moral dilemma between family and duty and restore inner balance.","grief, hard work, luck",grief,medium,Decided to apply dharma to resolve the hard work vs luck.,Achieved a sense of clarity and purpose,general,Synthetically_Enhanced_IKS_Model
IKS_EXT_418,Narendra,Life of Swami Vivekananda,facing a moral dilemma between family and duty,faith vs logic,Goals,kshama,"Through kshama, one can navigate facing a moral dilemma between family and duty and restore inner balance.","anxiety, faith, logic",anxiety,low,Decided to apply kshama to resolve the faith vs logic.,Achieved a sense of clarity and purpose,general,Synthetically_Enhanced_IKS_Model
IKS_EXT_419,Youth,Life of Swami Vivekananda,struggling with poverty,fear vs courage,Pathways,ahimsa,"Through ahimsa, one can navigate struggling with poverty and restore inner balance.","anxiety, fear, courage",anxiety,high,Decided to apply ahimsa to resolve the fear vs courage.,Achieved a sense of clarity and purpose,general,Synthetically_Enhanced_IKS_Model
IKS_EXT_420,Disciple,Life of Swami Vivekananda,dealing with financial debt,patience vs impulse,Goals,kshama,"Through kshama, one can navigate dealing with financial debt and restore inner balance.","confusion, patience, impulse",confusion,high,Decided to apply kshama to resolve the patience vs impulse.,Achieved a sense of clarity and purpose,general,Synthetically_Enhanced_IKS_Model
IKS_EXT_421,Disciple,Life of Swami Vivekananda,facing community isolation,tradition vs innovation,Pathways,ahimsa,"Through ahimsa, one can navigate facing community isolation and restore inner balance.","frustration, tradition, innovation",frustration,low,Decided to apply ahimsa to resolve the tradition vs innovation.,Achieved a sense of clarity and purpose,general,Synthetically_Enhanced_IKS_Model
IKS_EXT_422,Disciple,Life of Swami Vivekananda,facing betrayal by a friend,integrity vs shortcut,Goals,dana,"Through dana, one can navigate facing betrayal by a friend and restore inner balance.","despair, integrity, shortcut",despair,low,Decided to apply dana to resolve the integrity vs shortcut.,Achieved a sense of clarity and purpose,general,Synthetically_Enhanced_IKS_Model
IKS_EXT_423,Vivekananda,Life of Swami Vivekananda,facing a moral dilemma between family and duty,attachment vs detachment,Goals,kshama,"Through kshama, one can navigate facing a moral dilemma between family and duty and restore inner balance.","grief, attachment, detachment",grief,medium,Decided to apply kshama to resolve the attachment vs detachment.,Achieved a sense of clarity and purpose,general,Synthetically_Enhanced_IKS_Model
IKS_EXT_424,Narendra,Life of Swami Vivekananda,managing family conflicts,duty vs personal gain,Agency,karma yoga,"Through karma yoga, one can navigate managing family conflicts and restore inner balance.","fear, duty, personal gain",fear,medium,Decided to apply karma yoga to resolve the duty vs personal gain.,Achieved a sense of clarity and purpose,general,Synthetically_Enhanced_IKS_Model
IKS_EXT_425,Ramakrishna,Life of Swami Vivekananda,seeking purpose in life,integrity vs shortcut,Goals,daya,"Through daya, one can navigate seeking purpose in life and restore inner balance.","confusion, integrity, shortcut",confusion,low,Decided to apply daya to resolve the integrity vs shortcut.,Achieved a sense of clarity and purpose,general,Synthetically_Enhanced_IKS_Model
IKS_EXT_426,Monk,Life of Swami Vivekananda,facing ethical corruption in workplace,duty vs personal gain,Pathways,shanti,"Through shanti, one can navigate facing ethical corruption in workplace and restore inner balance.","anger, duty, personal gain",anger,low,Decided to apply shanti to resolve the duty vs personal gain.,Achieved a sense of clarity and purpose,general,Synthetically_Enhanced_IKS_Model
IKS_EXT_427,Narendra,Life of Swami Vivekananda,overcoming fear of death,fear vs courage,Agency,vairagya,"Through vairagya, one can navigate overcoming fear of death and restore inner balance.","grief, fear, courage",grief,high,Decided to apply vairagya to resolve the fear vs courage.,Achieved a sense of clarity and purpose,general,Synthetically_Enhanced_IKS_Model
IKS_EXT_428,Monk,Life of Swami Vivekananda,dealing with physical illness,ambition vs contentment,Pathways,daya,"Through daya, one can navigate dealing with physical illness and restore inner balance.","frustration, ambition, contentment",frustration,low,Decided to apply daya to resolve the ambition vs contentment.,Achieved a sense of clarity and purpose,general,Synthetically_Enhanced_IKS_Model
IKS_EXT_429,Monk,Life of Swami Vivekananda,seeking purpose in life,attachment vs detachment,Agency,ahimsa,"Through ahimsa, one can navigate seeking purpose in life and restore inner balance.","anger, attachment, detachment",anger,medium,Decided to apply ahimsa to resolve the attachment vs detachment.,Achieved a sense of clarity and purpose,general,Synthetically_Enhanced_IKS_Model
IKS_EXT_430,Youth,Life of Swami Vivekananda,dealing with anger and revenge,hard work vs luck,Agency,dharma,"Through dharma, one can navigate dealing with anger and revenge and restore inner balance.","grief, hard work, luck",grief,high,Decided to apply dharma to resolve the hard work vs luck.,Achieved a sense of clarity and purpose,general,Synthetically_Enhanced_IKS_Model
IKS_EXT_431,Monk,Life of Swami Vivekananda,handling success and ego,self-interest vs social good,Pathways,satya,"Through satya, one can navigate handling success and ego and restore inner balance.","anxiety, self-interest, social good",anxiety,medium,Decided to apply satya to resolve the self-interest vs social good.,Achieved a sense of clarity and purpose,general,Synthetically_Enhanced_IKS_Model
IKS_EXT_432,Ramakrishna,Life of Swami Vivekananda,struggling with poverty,patience vs impulse,Pathways,dana,"Through dana, one can navigate struggling with poverty and restore inner balance.","despair, patience, impulse",despair,high,Decided to apply dana to resolve the patience vs impulse.,Achieved a sense of clarity and purpose,general,Synthetically_Enhanced_IKS_Model
IKS_EXT_433,Youth,Life of Swami Vivekananda,struggling with lack of resources,tradition vs innovation,Goals,shanti,"Through shanti, one can navigate struggling with lack of resources and restore inner balance.","fear, tradition, innovation",fear,medium,Decided to apply shanti to resolve the tradition vs innovation.,Achieved a sense of clarity and purpose,general,Synthetically_Enhanced_IKS_Model
IKS_EXT_434,Monk,Life of Swami Vivekananda,managing family conflicts,tradition vs innovation,Goals,ahimsa,"Through ahimsa, one can navigate managing family conflicts and restore inner balance.","confusion, tradition, innovation",confusion,medium,Decided to apply ahimsa to resolve the tradition vs innovation.,Achieved a sense of clarity and purpose,general,Synthetically_Enhanced_IKS_Model
IKS_EXT_435,Vivekananda,Life of Swami Vivekananda,facing betrayal by a friend,duty vs personal gain,Pathways,vairagya,"Through vairagya, one can navigate facing betrayal by a friend and restore inner balance.","grief, duty, personal gain",grief,low,Decided to apply vairagya to resolve the duty vs personal gain.,Achieved a sense of clarity and purpose,general,Synthetically_Enhanced_IKS_Model
IKS_EXT_436,Disciple,Life of Swami Vivekananda,managing family conflicts,forgiveness vs anger,Agency,karma yoga,"Through karma yoga, one can navigate managing family conflicts and restore inner balance.","frustration, forgiveness, anger",frustration,high,Decided to apply karma yoga to resolve the forgiveness vs anger.,Achieved a sense of clarity and purpose,general,Synthetically_Enhanced_IKS_Model
IKS_EXT_437,Youth,Life of Swami Vivekananda,managing family conflicts,duty vs personal gain,Goals,kshama,"Through kshama, one can navigate managing family conflicts and restore inner balance.","frustration, duty, personal gain",frustration,high,Decided to apply kshama to resolve the duty vs personal gain.,Achieved a sense of clarity and purpose,general,Synthetically_Enhanced_IKS_Model
IKS_EXT_438,Ramakrishna,Life of Swami Vivekananda,dealing with anger and revenge,ambition vs contentment,Agency,satya,"Through satya, one can navigate dealing with anger and revenge and restore inner balance.","grief, ambition, contentment",grief,low,Decided to apply satya to resolve the ambition vs contentment.,Achieved a sense of clarity and purpose,general,Synthetically_Enhanced_IKS_Model
IKS_EXT_439,Disciple,Life of Swami Vivekananda,struggling with self-doubt,fear vs courage,Pathways,dharma,"Through dharma, one can navigate struggling with self-doubt and restore inner balance.","fear, fear, courage",fear,medium,Decided to apply dharma to resolve the fear vs courage.,Achieved a sense of clarity and purpose,general,Synthetically_Enhanced_IKS_Model
IKS_EXT_440,Monk,Life of Swami Vivekananda,dealing with professional failure,duty vs personal gain,Goals,viveka,"Through viveka, one can navigate dealing with professional failure and restore inner balance.","despair, duty, personal gain",despair,low,Decided to apply viveka to resolve the duty vs personal gain.,Achieved a sense of clarity and purpose,general,Synthetically_Enhanced_IKS_Model
IKS_EXT_441,Narendra,Life of Swami Vivekananda,facing exhaustion and burnout,self-interest vs social good,Pathways,satya,"Through satya, one can navigate facing exhaustion and burnout and restore inner balance.","anxiety, self-interest, social good",anxiety,medium,Decided to apply satya to resolve the self-interest vs social good.,Achieved a sense of clarity and purpose,general,Synthetically_Enhanced_IKS_Model
IKS_EXT_442,Monk,Life of Swami Vivekananda,facing a moral dilemma between family and duty,non-violence vs self-defense,Pathways,ahimsa,"Through ahimsa, one can navigate facing a moral dilemma between family and duty and restore inner balance.","moral tension, non-violence, self-defense",moral tension,medium,Decided to apply ahimsa to resolve the non-violence vs self-defense.,Achieved a sense of clarity and purpose,general,Synthetically_Enhanced_IKS_Model
IKS_EXT_443,Monk,Life of Swami Vivekananda,dealing with public humiliation,loyalty vs righteousness,Goals,tapas,"Through tapas, one can navigate dealing with public humiliation and restore inner balance.","fear, loyalty, righteousness",fear,medium,Decided to apply tapas to resolve the loyalty vs righteousness.,Achieved a sense of clarity and purpose,general,Synthetically_Enhanced_IKS_Model
IKS_EXT_444,Narendra,Life of Swami Vivekananda,overcoming traumatic past,integrity vs shortcut,Goals,dharma,"Through dharma, one can navigate overcoming traumatic past and restore inner balance.","frustration, integrity, shortcut",frustration,low,Decided to apply dharma to resolve the integrity vs shortcut.,Achieved a sense of clarity and purpose,general,Synthetically_Enhanced_IKS_Model
IKS_EXT_445,Monk,Life of Swami Vivekananda,struggling with lack of resources,non-violence vs self-defense,Pathways,dharma,"Through dharma, one can navigate struggling with lack of resources and restore inner balance.","fear, non-violence, self-defense",fear,high,Decided to apply dharma to resolve the non-violence vs self-defense.,Achieved a sense of clarity and purpose,general,Synthetically_Enhanced_IKS_Model
IKS_EXT_446,Narendra,Life of Swami Vivekananda,facing a moral dilemma between family and duty,fear vs courage,Pathways,karma yoga,"Through karma yoga, one can navigate facing a moral dilemma between family and duty and restore inner balance.","helplessness, fear, courage",helplessness,medium,Decided to apply karma yoga to resolve the fear vs courage.,Achieved a sense of clarity and purpose,general,Synthetically_Enhanced_IKS_Model
IKS_EXT_447,Disciple,Life of Swami Vivekananda,struggling with lack of resources,attachment vs detachment,Agency,vairagya,"Through vairagya, one can navigate struggling with lack of resources and restore inner balance.","grief, attachment, detachment",grief,low,Decided to apply vairagya to resolve the attachment vs detachment.,Achieved a sense of clarity and purpose,general,Synthetically_Enhanced_IKS_Model
IKS_EXT_448,Ramakrishna,Life of Swami Vivekananda,struggling with lack of resources,forgiveness vs anger,Pathways,tapas,"Through tapas, one can navigate struggling with lack of resources and restore inner balance.","confusion, forgiveness, anger",confusion,medium,Decided to apply tapas to resolve the forgiveness vs anger.,Achieved a sense of clarity and purpose,general,Synthetically_Enhanced_IKS_Model
IKS_EXT_449,Monk,Life of Swami Vivekananda,overcoming traumatic past,patience vs impulse,Agency,daya,"Through daya, one can navigate overcoming traumatic past and restore inner balance.","anxiety, patience, impulse",anxiety,medium,Decided to apply daya to resolve the patience vs impulse.,Achieved a sense of clarity and purpose,general,Synthetically_Enhanced_IKS_Model
IKS_EXT_450,Ramakrishna,Life of Swami Vivekananda,coping with aging,loyalty vs righteousness,Agency,shanti,"Through shanti, one can navigate coping with aging and restore inner balance.","grief, loyalty, righteousness",grief,high,Decided to apply shanti to resolve the loyalty vs righteousness.,Achieved a sense of clarity and purpose,general,Synthetically_Enhanced_IKS_Model
IKS_EXT_451,Narendra,Life of Swami Vivekananda,struggling with lack of resources,duty vs personal gain,Agency,satya,"Through satya, one can navigate struggling with lack of resources and restore inner balance.","moral tension, duty, personal gain",moral tension,low,Decided to apply satya to resolve the duty vs personal gain.,Achieved a sense of clarity and purpose,general,Synthetically_Enhanced_IKS_Model
IKS_EXT_452,Disciple,Life of Swami Vivekananda,coping with aging,fear vs courage,Agency,viveka,"Through viveka, one can navigate coping with aging and restore inner balance.","confusion, fear, courage",confusion,medium,Decided to apply viveka to resolve the fear vs courage.,Achieved a sense of clarity and purpose,general,Synthetically_Enhanced_IKS_Model
IKS_EXT_453,Disciple,Life of Swami Vivekananda,facing a loss of a loved one,self-interest vs social good,Pathways,shanti,"Through shanti, one can navigate facing a loss of a loved one and restore inner balance.","anxiety, self-interest, social good",anxiety,high,Decided to apply shanti to resolve the self-interest vs social good.,Achieved a sense of clarity and purpose,general,Synthetically_Enhanced_IKS_Model
IKS_EXT_454,Disciple,Life of Swami Vivekananda,struggling with lack of resources,fear vs courage,Goals,dharma,"Through dharma, one can navigate struggling with lack of resources and restore inner balance.","despair, fear, courage",despair,low,Decided to apply dharma to resolve the fear vs courage.,Achieved a sense of clarity and purpose,general,Synthetically_Enhanced_IKS_Model
IKS_EXT_455,Vivekananda,Life of Swami Vivekananda,dealing with public humiliation,mercy vs justice,Goals,viveka,"Through viveka, one can navigate dealing with public humiliation and restore inner balance.","sadness, mercy, justice",sadness,low,Decided to apply viveka to resolve the mercy vs justice.,Achieved a sense of clarity and purpose,general,Synthetically_Enhanced_IKS_Model
IKS_EXT_456,Vivekananda,Life of Swami Vivekananda,struggling with poverty,truth vs convenience,Agency,satya,"Through satya, one can navigate struggling with poverty and restore inner balance.","fear, truth, convenience",fear,high,Decided to apply satya to resolve the truth vs convenience.,Achieved a sense of clarity and purpose,general,Synthetically_Enhanced_IKS_Model
IKS_EXT_457,Youth,Life of Swami Vivekananda,facing betrayal by a friend,patience vs impulse,Pathways,daya,"Through daya, one can navigate facing betrayal by a friend and restore inner balance.","moral tension, patience, impulse",moral tension,low,Decided to apply daya to resolve the patience vs impulse.,Achieved a sense of clarity and purpose,general,Synthetically_Enhanced_IKS_Model
IKS_EXT_458,Monk,Life of Swami Vivekananda,dealing with anger and revenge,hard work vs luck,Pathways,kshama,"Through kshama, one can navigate dealing with anger and revenge and restore inner balance.","confusion, hard work, luck",confusion,low,Decided to apply kshama to resolve the hard work vs luck.,Achieved a sense of clarity and purpose,general,Synthetically_Enhanced_IKS_Model
IKS_EXT_459,Ramakrishna,Life of Swami Vivekananda,balancing personal growth with social duty,hard work vs luck,Agency,daya,"Through daya, one can navigate balancing personal growth with social duty and restore inner balance.","confusion, hard work, luck",confusion,high,Decided to apply daya to resolve the hard work vs luck.,Achieved a sense of clarity and purpose,general,Synthetically_Enhanced_IKS_Model
IKS_EXT_460,Ramakrishna,Life of Swami Vivekananda,feeling confused about career path,forgiveness vs anger,Goals,bhakti,"Through bhakti, one can navigate feeling confused about career path and restore inner balance.","fear, forgiveness, anger",fear,low,Decided to apply bhakti to resolve the forgiveness vs anger.,Achieved a sense of clarity and purpose,general,Synthetically_Enhanced_IKS_Model
IKS_EXT_461,Ramakrishna,Life of Swami Vivekananda,facing a moral dilemma between family and duty,integrity vs shortcut,Pathways,viveka,"Through viveka, one can navigate facing a moral dilemma between family and duty and restore inner balance.","confusion, integrity, shortcut",confusion,medium,Decided to apply viveka to resolve the integrity vs shortcut.,Achieved a sense of clarity and purpose,general,Synthetically_Enhanced_IKS_Model
IKS_EXT_462,Disciple,Life of Swami Vivekananda,balancing personal growth with social duty,truth vs convenience,Goals,kshama,"Through kshama, one can navigate balancing personal growth with social duty and restore inner balance.","grief, truth, convenience",grief,high,Decided to apply kshama to resolve the truth vs convenience.,Achieved a sense of clarity and purpose,general,Synthetically_Enhanced_IKS_Model
IKS_EXT_463,Narendra,Life of Swami Vivekananda,facing ethical corruption in workplace,truth vs convenience,Goals,tapas,"Through tapas, one can navigate facing ethical corruption in workplace and restore inner balance.","fear, truth, convenience",fear,medium,Decided to apply tapas to resolve the truth vs convenience.,Achieved a sense of clarity and purpose,general,Synthetically_Enhanced_IKS_Model
IKS_EXT_464,Narendra,Life of Swami Vivekananda,balancing personal growth with social duty,fear vs courage,Pathways,dana,"Through dana, one can navigate balancing personal growth with social duty and restore inner balance.","sadness, fear, courage",sadness,low,Decided to apply dana to resolve the fear vs courage.,Achieved a sense of clarity and purpose,general,Synthetically_Enhanced_IKS_Model
IKS_EXT_465,Youth,Life of Swami Vivekananda,overcoming procrastination,self-interest vs social good,Goals,tapas,"Through tapas, one can navigate overcoming procrastination and restore inner balance.","grief, self-interest, social good",grief,high,Decided to apply tapas to resolve the self-interest vs social good.,Achieved a sense of clarity and purpose,general,Synthetically_Enhanced_IKS_Model
IKS_EXT_466,Narendra,Life of Swami Vivekananda,dealing with unrequited efforts,forgiveness vs anger,Goals,shanti,"Through shanti, one can navigate dealing with unrequited efforts and restore inner balance.","frustration, forgiveness, anger",frustration,low,Decided to apply shanti to resolve the forgiveness vs anger.,Achieved a sense of clarity and purpose,general,Synthetically_Enhanced_IKS_Model
IKS_EXT_467,Monk,Life of Swami Vivekananda,handling success and ego,self-interest vs social good,Agency,shanti,"Through shanti, one can navigate handling success and ego and restore inner balance.","fear, self-interest, social good",fear,medium,Decided to apply shanti to resolve the self-interest vs social good.,Achieved a sense of clarity and purpose,general,Synthetically_Enhanced_IKS_Model
IKS_EXT_468,Ramakrishna,Life of Swami Vivekananda,struggling with lack of resources,faith vs logic,Agency,tapas,"Through tapas, one can navigate struggling with lack of resources and restore inner balance.","confusion, faith, logic",confusion,medium,Decided to apply tapas to resolve the faith vs logic.,Achieved a sense of clarity and purpose,general,Synthetically_Enhanced_IKS_Model
IKS_EXT_469,Narendra,Life of Swami Vivekananda,facing social discrimination,faith vs logic,Agency,kshama,"Through kshama, one can navigate facing social discrimination and restore inner balance.","frustration, faith, logic",frustration,medium,Decided to apply kshama to resolve the faith vs logic.,Achieved a sense of clarity and purpose,general,Synthetically_Enhanced_IKS_Model
IKS_EXT_470,Ramakrishna,Life of Swami Vivekananda,dealing with public humiliation,forgiveness vs anger,Agency,dana,"Through dana, one can navigate dealing with public humiliation and restore inner balance.","moral tension, forgiveness, anger",moral tension,high,Decided to apply dana to resolve the forgiveness vs anger.,Achieved a sense of clarity and purpose,general,Synthetically_Enhanced_IKS_Model
IKS_EXT_471,Disciple,Life of Swami Vivekananda,balancing personal growth with social duty,patience vs impulse,Goals,bhakti,"Through bhakti, one can navigate balancing personal growth with social duty and restore inner balance.","fear, patience, impulse",fear,medium,Decided to apply bhakti to resolve the patience vs impulse.,Achieved a sense of clarity and purpose,general,Synthetically_Enhanced_IKS_Model
IKS_EXT_472,Disciple,Life of Swami Vivekananda,coping with aging,mercy vs justice,Goals,bhakti,"Through bhakti, one can navigate coping with aging and restore inner balance.","helplessness, mercy, justice",helplessness,low,Decided to apply bhakti to resolve the mercy vs justice.,Achieved a sense of clarity and purpose,general,Synthetically_Enhanced_IKS_Model
IKS_EXT_473,Vivekananda,Life of Swami Vivekananda,struggling with self-doubt,self-interest vs social good,Goals,satya,"Through satya, one can navigate struggling with self-doubt and restore inner balance.","grief, self-interest, social good",grief,high,Decided to apply satya to resolve the self-interest vs social good.,Achieved a sense of clarity and purpose,general,Synthetically_Enhanced_IKS_Model
IKS_EXT_474,Vivekananda,Life of Swami Vivekananda,handling jealousy and envy,fear vs courage,Pathways,ahimsa,"Through ahimsa, one can navigate handling jealousy and envy and restore inner balance.","grief, fear, courage",grief,high,Decided to apply ahimsa to resolve the fear vs courage.,Achieved a sense of clarity and purpose,general,Synthetically_Enhanced_IKS_Model
IKS_EXT_475,Ramakrishna,Life of Swami Vivekananda,facing betrayal by a friend,forgiveness vs anger,Agency,satya,"Through satya, one can navigate facing betrayal by a friend and restore inner balance.","despair, forgiveness, anger",despair,low,Decided to apply satya to resolve the forgiveness vs anger.,Achieved a sense of clarity and purpose,general,Synthetically_Enhanced_IKS_Model
IKS_EXT_476,Narendra,Life of Swami Vivekananda,struggling with poverty,ambition vs contentment,Goals,daya,"Through daya, one can navigate struggling with poverty and restore inner balance.","anger, ambition, contentment",anger,medium,Decided to apply daya to resolve the ambition vs contentment.,Achieved a sense of clarity and purpose,general,Synthetically_Enhanced_IKS_Model
IKS_EXT_477,Ramakrishna,Life of Swami Vivekananda,facing injustice from authority,duty vs personal gain,Goals,tapas,"Through tapas, one can navigate facing injustice from authority and restore inner balance.","helplessness, duty, personal gain",helplessness,low,Decided to apply tapas to resolve the duty vs personal gain.,Achieved a sense of clarity and purpose,general,Synthetically_Enhanced_IKS_Model
IKS_EXT_478,Disciple,Life of Swami Vivekananda,balancing personal growth with social duty,self-interest vs social good,Pathways,daya,"Through daya, one can navigate balancing personal growth with social duty and restore inner balance.","grief, self-interest, social good",grief,low,Decided to apply daya to resolve the self-interest vs social good.,Achieved a sense of clarity and purpose,general,Synthetically_Enhanced_IKS_Model
IKS_EXT_479,Youth,Life of Swami Vivekananda,managing family conflicts,mercy vs justice,Goals,dharma,"Through dharma, one can navigate managing family conflicts and restore inner balance.","fear, mercy, justice",fear,low,Decided to apply dharma to resolve the mercy vs justice.,Achieved a sense of clarity and purpose,general,Synthetically_Enhanced_IKS_Model
IKS_EXT_480,Disciple,Life of Swami Vivekananda,overcoming fear of death,patience vs impulse,Goals,bhakti,"Through bhakti, one can navigate overcoming fear of death and restore inner balance.","confusion, patience, impulse",confusion,high,Decided to apply bhakti to resolve the patience vs impulse.,Achieved a sense of clarity and purpose,general,Synthetically_Enhanced_IKS_Model
IKS_EXT_481,Narendra,Life of Swami Vivekananda,facing betrayal by a friend,non-violence vs self-defense,Agency,viveka,"Through viveka, one can navigate facing betrayal by a friend and restore inner balance.","frustration, non-violence, self-defense",frustration,medium,Decided to apply viveka to resolve the non-violence vs self-defense.,Achieved a sense of clarity and purpose,general,Synthetically_Enhanced_IKS_Model
IKS_EXT_482,Narendra,Life of Swami Vivekananda,overcoming procrastination,hard work vs luck,Pathways,viveka,"Through viveka, one can navigate overcoming procrastination and restore inner balance.","helplessness, hard work, luck",helplessness,low,Decided to apply viveka to resolve the hard work vs luck.,Achieved a sense of clarity and purpose,general,Synthetically_Enhanced_IKS_Model
IKS_EXT_483,Ramakrishna,Life of Swami Vivekananda,dealing with professional failure,non-violence vs self-defense,Agency,dana,"Through dana, one can navigate dealing with professional failure and restore inner balance.","despair, non-violence, self-defense",despair,low,Decided to apply dana to resolve the non-violence vs self-defense.,Achieved a sense of clarity and purpose,general,Synthetically_Enhanced_IKS_Model
IKS_EXT_484,Youth,Life of Swami Vivekananda,handling success and ego,tradition vs innovation,Goals,vairagya,"Through vairagya, one can navigate handling success and ego and restore inner balance.","despair, tradition, innovation",despair,medium,Decided to apply vairagya to resolve the tradition vs innovation.,Achieved a sense of clarity and purpose,general,Synthetically_Enhanced_IKS_Model
IKS_EXT_485,Disciple,Life of Swami Vivekananda,facing community isolation,tradition vs innovation,Agency,satya,"Through satya, one can navigate facing community isolation and restore inner balance.","helplessness, tradition, innovation",helplessness,high,Decided to apply satya to resolve the tradition vs innovation.,Achieved a sense of clarity and purpose,general,Synthetically_Enhanced_IKS_Model
IKS_EXT_486,Monk,Life of Swami Vivekananda,balancing personal growth with social duty,mercy vs justice,Agency,satya,"Through satya, one can navigate balancing personal growth with social duty and restore inner balance.","anxiety, mercy, justice",anxiety,low,Decided to apply satya to resolve the mercy vs justice.,Achieved a sense of clarity and purpose,general,Synthetically_Enhanced_IKS_Model
IKS_EXT_487,Narendra,Life of Swami Vivekananda,facing community isolation,integrity vs shortcut,Pathways,ahimsa,"Through ahimsa, one can navigate facing community isolation and restore inner balance.","anxiety, integrity, shortcut",anxiety,medium,Decided to apply ahimsa to resolve the integrity vs shortcut.,Achieved a sense of clarity and purpose,general,Synthetically_Enhanced_IKS_Model
IKS_EXT_488,Youth,Life of Swami Vivekananda,feeling confused about career path,truth vs convenience,Goals,bhakti,"Through bhakti, one can navigate feeling confused about career path and restore inner balance.","anxiety, truth, convenience",anxiety,low,Decided to apply bhakti to resolve the truth vs convenience.,Achieved a sense of clarity and purpose,general,Synthetically_Enhanced_IKS_Model
IKS_EXT_489,Disciple,Life of Swami Vivekananda,struggling with lack of resources,truth vs convenience,Goals,karma yoga,"Through karma yoga, one can navigate struggling with lack of resources and restore inner balance.","sadness, truth, convenience",sadness,high,Decided to apply karma yoga to resolve the truth vs convenience.,Achieved a sense of clarity and purpose,general,Synthetically_Enhanced_IKS_Model
IKS_EXT_490,Youth,Life of Swami Vivekananda,struggling with self-doubt,truth vs convenience,Goals,vairagya,"Through vairagya, one can navigate struggling with self-doubt and restore inner balance.","sadness, truth, convenience",sadness,medium,Decided to apply vairagya to resolve the truth vs convenience.,Achieved a sense of clarity and purpose,general,Synthetically_Enhanced_IKS_Model
IKS_EXT_491,Vivekananda,Life of Swami Vivekananda,facing community isolation,fear vs courage,Pathways,shanti,"Through shanti, one can navigate facing community isolation and restore inner balance.","sadness, fear, courage",sadness,medium,Decided to apply shanti to resolve the fear vs courage.,Achieved a sense of clarity and purpose,general,Synthetically_Enhanced_IKS_Model
IKS_EXT_492,Vivekananda,Life of Swami Vivekananda,overcoming procrastination,faith vs logic,Goals,shanti,"Through shanti, one can navigate overcoming procrastination and restore inner balance.","grief, faith, logic",grief,medium,Decided to apply shanti to resolve the faith vs logic.,Achieved a sense of clarity and purpose,general,Synthetically_Enhanced_IKS_Model
IKS_EXT_493,Youth,Life of Swami Vivekananda,facing a moral dilemma between family and duty,tradition vs innovation,Agency,tapas,"Through tapas, one can navigate facing a moral dilemma between family and duty and restore inner balance.","confusion, tradition, innovation",confusion,high,Decided to apply tapas to resolve the tradition vs innovation.,Achieved a sense of clarity and purpose,general,Synthetically_Enhanced_IKS_Model
IKS_EXT_494,Narendra,Life of Swami Vivekananda,facing community isolation,integrity vs shortcut,Pathways,shanti,"Through shanti, one can navigate facing community isolation and restore inner balance.","fear, integrity, shortcut",fear,medium,Decided to apply shanti to resolve the integrity vs shortcut.,Achieved a sense of clarity and purpose,general,Synthetically_Enhanced_IKS_Model
IKS_EXT_495,Vivekananda,Life of Swami Vivekananda,dealing with professional failure,hard work vs luck,Pathways,vairagya,"Through vairagya, one can navigate dealing with professional failure and restore inner balance.","confusion, hard work, luck",confusion,low,Decided to apply vairagya to resolve the hard work vs luck.,Achieved a sense of clarity and purpose,general,Synthetically_Enhanced_IKS_Model
IKS_EXT_496,Disciple,Life of Swami Vivekananda,struggling with lack of resources,attachment vs detachment,Agency,kshama,"Through kshama, one can navigate struggling with lack of resources and restore inner balance.","fear, attachment, detachment",fear,medium,Decided to apply kshama to resolve the attachment vs detachment.,Achieved a sense of clarity and purpose,general,Synthetically_Enhanced_IKS_Model
IKS_EXT_497,Disciple,Life of Swami Vivekananda,facing a moral dilemma between family and duty,integrity vs shortcut,Goals,dana,"Through dana, one can navigate facing a moral dilemma between family and duty and restore inner balance.","sadness, integrity, shortcut",sadness,low,Decided to apply dana to resolve the integrity vs shortcut.,Achieved a sense of clarity and purpose,general,Synthetically_Enhanced_IKS_Model
IKS_EXT_498,Vivekananda,Life of Swami Vivekananda,feeling lonely in a crowd,loyalty vs righteousness,Goals,karma yoga,"Through karma yoga, one can navigate feeling lonely in a crowd and restore inner balance.","helplessness, loyalty, righteousness",helplessness,high,Decided to apply karma yoga to resolve the loyalty vs righteousness.,Achieved a sense of clarity and purpose,general,Synthetically_Enhanced_IKS_Model
IKS_EXT_499,Disciple,Life of Swami Vivekananda,struggling with lack of resources,faith vs logic,Agency,satya,"Through satya, one can navigate struggling with lack of resources and restore inner balance.","anxiety, faith, logic",anxiety,medium,Decided to apply satya to resolve the faith vs logic.,Achieved a sense of clarity and purpose,general,Synthetically_Enhanced_IKS_Model
IKS_EXT_500,Youth,Life of Swami Vivekananda,balancing personal growth with social duty,truth vs convenience,Goals,satya,"Through satya, one can navigate balancing personal growth with social duty and restore inner balance.","moral tension, truth, convenience",moral tension,medium,Decided to apply satya to resolve the truth vs convenience.,Achieved a sense of clarity and purpose,general,Synthetically_Enhanced_IKS_Model
IKS_EXT_501,Satyagrahi,Life of Mahatma Gandhi,facing community isolation,mercy vs justice,Pathways,tapas,"Through tapas, one can navigate facing community isolation and restore inner balance.","moral tension, mercy, justice",moral tension,high,Decided to apply tapas to resolve the mercy vs justice.,Achieved a sense of clarity and purpose,general,Synthetically_Enhanced_IKS_Model
IKS_EXT_502,Satyagrahi,Life of Mahatma Gandhi,feeling lonely in a crowd,tradition vs innovation,Pathways,dharma,"Through dharma, one can navigate feeling lonely in a crowd and restore inner balance.","anger, tradition, innovation",anger,medium,Decided to apply dharma to resolve the tradition vs innovation.,Achieved a sense of clarity and purpose,general,Synthetically_Enhanced_IKS_Model
IKS_EXT_503,Follower,Life of Mahatma Gandhi,seeking purpose in life,truth vs convenience,Goals,daya,"Through daya, one can navigate seeking purpose in life and restore inner balance.","sadness, truth, convenience",sadness,high,Decided to apply daya to resolve the truth vs convenience.,Achieved a sense of clarity and purpose,general,Synthetically_Enhanced_IKS_Model
IKS_EXT_504,Satyagrahi,Life of Mahatma Gandhi,facing a moral dilemma between family and duty,duty vs personal gain,Goals,kshama,"Through kshama, one can navigate facing a moral dilemma between family and duty and restore inner balance.","despair, duty, personal gain",despair,medium,Decided to apply kshama to resolve the duty vs personal gain.,Achieved a sense of clarity and purpose,general,Synthetically_Enhanced_IKS_Model
IKS_EXT_505,Follower,Life of Mahatma Gandhi,coping with aging,fear vs courage,Pathways,karma yoga,"Through karma yoga, one can navigate coping with aging and restore inner balance.","grief, fear, courage",grief,low,Decided to apply karma yoga to resolve the fear vs courage.,Achieved a sense of clarity and purpose,general,Synthetically_Enhanced_IKS_Model
IKS_EXT_506,Satyagrahi,Life of Mahatma Gandhi,dealing with public humiliation,self-interest vs social good,Agency,satya,"Through satya, one can navigate dealing with public humiliation and restore inner balance.","grief, self-interest, social good",grief,medium,Decided to apply satya to resolve the self-interest vs social good.,Achieved a sense of clarity and purpose,general,Synthetically_Enhanced_IKS_Model
IKS_EXT_507,Follower,Life of Mahatma Gandhi,coping with aging,patience vs impulse,Agency,shanti,"Through shanti, one can navigate coping with aging and restore inner balance.","anger, patience, impulse",anger,medium,Decided to apply shanti to resolve the patience vs impulse.,Achieved a sense of clarity and purpose,general,Synthetically_Enhanced_IKS_Model
IKS_EXT_508,Gandhi,Life of Mahatma Gandhi,facing a moral dilemma between family and duty,mercy vs justice,Agency,kshama,"Through kshama, one can navigate facing a moral dilemma between family and duty and restore inner balance.","moral tension, mercy, justice",moral tension,high,Decided to apply kshama to resolve the mercy vs justice.,Achieved a sense of clarity and purpose,general,Synthetically_Enhanced_IKS_Model
IKS_EXT_509,Gandhi,Life of Mahatma Gandhi,feeling confused about career path,mercy vs justice,Goals,tapas,"Through tapas, one can navigate feeling confused about career path and restore inner balance.","helplessness, mercy, justice",helplessness,low,Decided to apply tapas to resolve the mercy vs justice.,Achieved a sense of clarity and purpose,general,Synthetically_Enhanced_IKS_Model
IKS_EXT_510,Follower,Life of Mahatma Gandhi,feeling lonely in a crowd,ambition vs contentment,Agency,vairagya,"Through vairagya, one can navigate feeling lonely in a crowd and restore inner balance.","confusion, ambition, contentment",confusion,high,Decided to apply vairagya to resolve the ambition vs contentment.,Achieved a sense of clarity and purpose,general,Synthetically_Enhanced_IKS_Model
IKS_EXT_511,Gandhi,Life of Mahatma Gandhi,dealing with unrequited efforts,attachment vs detachment,Agency,daya,"Through daya, one can navigate dealing with unrequited efforts and restore inner balance.","anxiety, attachment, detachment",anxiety,low,Decided to apply daya to resolve the attachment vs detachment.,Achieved a sense of clarity and purpose,general,Synthetically_Enhanced_IKS_Model
IKS_EXT_512,Village Leader,Life of Mahatma Gandhi,handling success and ego,loyalty vs righteousness,Agency,bhakti,"Through bhakti, one can navigate handling success and ego and restore inner balance.","helplessness, loyalty, righteousness",helplessness,high,Decided to apply bhakti to resolve the loyalty vs righteousness.,Achieved a sense of clarity and purpose,general,Synthetically_Enhanced_IKS_Model
IKS_EXT_513,Kasturba,Life of Mahatma Gandhi,facing a loss of a loved one,fear vs courage,Goals,daya,"Through daya, one can navigate facing a loss of a loved one and restore inner balance.","frustration, fear, courage",frustration,low,Decided to apply daya to resolve the fear vs courage.,Achieved a sense of clarity and purpose,general,Synthetically_Enhanced_IKS_Model
IKS_EXT_514,Follower,Life of Mahatma Gandhi,balancing personal growth with social duty,integrity vs shortcut,Goals,vairagya,"Through vairagya, one can navigate balancing personal growth with social duty and restore inner balance.","helplessness, integrity, shortcut",helplessness,medium,Decided to apply vairagya to resolve the integrity vs shortcut.,Achieved a sense of clarity and purpose,general,Synthetically_Enhanced_IKS_Model
IKS_EXT_515,Freedom Fighter,Life of Mahatma Gandhi,handling success and ego,faith vs logic,Agency,tapas,"Through tapas, one can navigate handling success and ego and restore inner balance.","helplessness, faith, logic",helplessness,low,Decided to apply tapas to resolve the faith vs logic.,Achieved a sense of clarity and purpose,general,Synthetically_Enhanced_IKS_Model
IKS_EXT_516,Village Leader,Life of Mahatma Gandhi,struggling with lack of resources,faith vs logic,Pathways,ahimsa,"Through ahimsa, one can navigate struggling with lack of resources and restore inner balance.","confusion, faith, logic",confusion,low,Decided to apply ahimsa to resolve the faith vs logic.,Achieved a sense of clarity and purpose,general,Synthetically_Enhanced_IKS_Model
IKS_EXT_517,Village Leader,Life of Mahatma Gandhi,facing ethical corruption in workplace,attachment vs detachment,Goals,kshama,"Through kshama, one can navigate facing ethical corruption in workplace and restore inner balance.","helplessness, attachment, detachment",helplessness,high,Decided to apply kshama to resolve the attachment vs detachment.,Achieved a sense of clarity and purpose,general,Synthetically_Enhanced_IKS_Model
IKS_EXT_518,Village Leader,Life of Mahatma Gandhi,seeking purpose in life,hard work vs luck,Agency,daya,"Through daya, one can navigate seeking purpose in life and restore inner balance.","anger, hard work, luck",anger,low,Decided to apply daya to resolve the hard work vs luck.,Achieved a sense of clarity and purpose,general,Synthetically_Enhanced_IKS_Model
IKS_EXT_519,Village Leader,Life of Mahatma Gandhi,overcoming procrastination,integrity vs shortcut,Agency,karma yoga,"Through karma yoga, one can navigate overcoming procrastination and restore inner balance.","confusion, integrity, shortcut",confusion,medium,Decided to apply karma yoga to resolve the integrity vs shortcut.,Achieved a sense of clarity and purpose,general,Synthetically_Enhanced_IKS_Model
IKS_EXT_520,Gandhi,Life of Mahatma Gandhi,facing social discrimination,hard work vs luck,Goals,dana,"Through dana, one can navigate facing social discrimination and restore inner balance.","confusion, hard work, luck",confusion,low,Decided to apply dana to resolve the hard work vs luck.,Achieved a sense of clarity and purpose,general,Synthetically_Enhanced_IKS_Model
IKS_EXT_521,Freedom Fighter,Life of Mahatma Gandhi,facing injustice from authority,mercy vs justice,Goals,viveka,"Through viveka, one can navigate facing injustice from authority and restore inner balance.","grief, mercy, justice",grief,low,Decided to apply viveka to resolve the mercy vs justice.,Achieved a sense of clarity and purpose,general,Synthetically_Enhanced_IKS_Model
IKS_EXT_522,Kasturba,Life of Mahatma Gandhi,seeking purpose in life,faith vs logic,Goals,dharma,"Through dharma, one can navigate seeking purpose in life and restore inner balance.","anger, faith, logic",anger,low,Decided to apply dharma to resolve the faith vs logic.,Achieved a sense of clarity and purpose,general,Synthetically_Enhanced_IKS_Model
IKS_EXT_523,Kasturba,Life of Mahatma Gandhi,struggling with addiction or bad habits,non-violence vs self-defense,Agency,vairagya,"Through vairagya, one can navigate struggling with addiction or bad habits and restore inner balance.","frustration, non-violence, self-defense",frustration,high,Decided to apply vairagya to resolve the non-violence vs self-defense.,Achieved a sense of clarity and purpose,general,Synthetically_Enhanced_IKS_Model
IKS_EXT_524,Follower,Life of Mahatma Gandhi,experiencing a crisis of faith,integrity vs shortcut,Agency,vairagya,"Through vairagya, one can navigate experiencing a crisis of faith and restore inner balance.","confusion, integrity, shortcut",confusion,medium,Decided to apply vairagya to resolve the integrity vs shortcut.,Achieved a sense of clarity and purpose,general,Synthetically_Enhanced_IKS_Model
IKS_EXT_525,Freedom Fighter,Life of Mahatma Gandhi,facing a loss of a loved one,forgiveness vs anger,Goals,vairagya,"Through vairagya, one can navigate facing a loss of a loved one and restore inner balance.","anxiety, forgiveness, anger",anxiety,high,Decided to apply vairagya to resolve the forgiveness vs anger.,Achieved a sense of clarity and purpose,general,Synthetically_Enhanced_IKS_Model
IKS_EXT_526,Follower,Life of Mahatma Gandhi,struggling with poverty,integrity vs shortcut,Pathways,ahimsa,"Through ahimsa, one can navigate struggling with poverty and restore inner balance.","fear, integrity, shortcut",fear,medium,Decided to apply ahimsa to resolve the integrity vs shortcut.,Achieved a sense of clarity and purpose,general,Synthetically_Enhanced_IKS_Model
IKS_EXT_527,Follower,Life of Mahatma Gandhi,seeking purpose in life,hard work vs luck,Pathways,viveka,"Through viveka, one can navigate seeking purpose in life and restore inner balance.","anger, hard work, luck",anger,low,Decided to apply viveka to resolve the hard work vs luck.,Achieved a sense of clarity and purpose,general,Synthetically_Enhanced_IKS_Model
IKS_EXT_528,Follower,Life of Mahatma Gandhi,facing exhaustion and burnout,attachment vs detachment,Pathways,tapas,"Through tapas, one can navigate facing exhaustion and burnout and restore inner balance.","fear, attachment, detachment",fear,low,Decided to apply tapas to resolve the attachment vs detachment.,Achieved a sense of clarity and purpose,general,Synthetically_Enhanced_IKS_Model
IKS_EXT_529,Follower,Life of Mahatma Gandhi,balancing personal growth with social duty,tradition vs innovation,Agency,satya,"Through satya, one can navigate balancing personal growth with social duty and restore inner balance.","sadness, tradition, innovation",sadness,low,Decided to apply satya to resolve the tradition vs innovation.,Achieved a sense of clarity and purpose,general,Synthetically_Enhanced_IKS_Model
IKS_EXT_530,Village Leader,Life of Mahatma Gandhi,handling success and ego,forgiveness vs anger,Pathways,ahimsa,"Through ahimsa, one can navigate handling success and ego and restore inner balance.","anger, forgiveness, anger",anger,high,Decided to apply ahimsa to resolve the forgiveness vs anger.,Achieved a sense of clarity and purpose,general,Synthetically_Enhanced_IKS_Model
IKS_EXT_531,Gandhi,Life of Mahatma Gandhi,managing family conflicts,hard work vs luck,Pathways,karma yoga,"Through karma yoga, one can navigate managing family conflicts and restore inner balance.","anger, hard work, luck",anger,high,Decided to apply karma yoga to resolve the hard work vs luck.,Achieved a sense of clarity and purpose,general,Synthetically_Enhanced_IKS_Model
IKS_EXT_532,Follower,Life of Mahatma Gandhi,facing a loss of a loved one,non-violence vs self-defense,Agency,bhakti,"Through bhakti, one can navigate facing a loss of a loved one and restore inner balance.","anger, non-violence, self-defense",anger,medium,Decided to apply bhakti to resolve the non-violence vs self-defense.,Achieved a sense of clarity and purpose,general,Synthetically_Enhanced_IKS_Model
IKS_EXT_533,Village Leader,Life of Mahatma Gandhi,facing injustice from authority,self-interest vs social good,Agency,daya,"Through daya, one can navigate facing injustice from authority and restore inner balance.","confusion, self-interest, social good",confusion,high,Decided to apply daya to resolve the self-interest vs social good.,Achieved a sense of clarity and purpose,general,Synthetically_Enhanced_IKS_Model
IKS_EXT_534,Village Leader,Life of Mahatma Gandhi,struggling with self-doubt,faith vs logic,Goals,dharma,"Through dharma, one can navigate struggling with self-doubt and restore inner balance.","fear, faith, logic",fear,medium,Decided to apply dharma to resolve the faith vs logic.,Achieved a sense of clarity and purpose,general,Synthetically_Enhanced_IKS_Model
IKS_EXT_535,Gandhi,Life of Mahatma Gandhi,facing community isolation,non-violence vs self-defense,Goals,bhakti,"Through bhakti, one can navigate facing community isolation and restore inner balance.","despair, non-violence, self-defense",despair,medium,Decided to apply bhakti to resolve the non-violence vs self-defense.,Achieved a sense of clarity and purpose,general,Synthetically_Enhanced_IKS_Model
IKS_EXT_536,Kasturba,Life of Mahatma Gandhi,facing injustice from authority,integrity vs shortcut,Agency,ahimsa,"Through ahimsa, one can navigate facing injustice from authority and restore inner balance.","despair, integrity, shortcut",despair,low,Decided to apply ahimsa to resolve the integrity vs shortcut.,Achieved a sense of clarity and purpose,general,Synthetically_Enhanced_IKS_Model
IKS_EXT_537,Kasturba,Life of Mahatma Gandhi,experiencing a crisis of faith,attachment vs detachment,Pathways,viveka,"Through viveka, one can navigate experiencing a crisis of faith and restore inner balance.","despair, attachment, detachment",despair,medium,Decided to apply viveka to resolve the attachment vs detachment.,Achieved a sense of clarity and purpose,general,Synthetically_Enhanced_IKS_Model
IKS_EXT_538,Kasturba,Life of Mahatma Gandhi,dealing with professional failure,fear vs courage,Goals,tapas,"Through tapas, one can navigate dealing with professional failure and restore inner balance.","despair, fear, courage",despair,high,Decided to apply tapas to resolve the fear vs courage.,Achieved a sense of clarity and purpose,general,Synthetically_Enhanced_IKS_Model
IKS_EXT_539,Kasturba,Life of Mahatma Gandhi,dealing with public humiliation,hard work vs luck,Goals,dana,"Through dana, one can navigate dealing with public humiliation and restore inner balance.","confusion, hard work, luck",confusion,low,Decided to apply dana to resolve the hard work vs luck.,Achieved a sense of clarity and purpose,general,Synthetically_Enhanced_IKS_Model
IKS_EXT_540,Satyagrahi,Life of Mahatma Gandhi,dealing with physical illness,truth vs convenience,Goals,tapas,"Through tapas, one can navigate dealing with physical illness and restore inner balance.","sadness, truth, convenience",sadness,medium,Decided to apply tapas to resolve the truth vs convenience.,Achieved a sense of clarity and purpose,general,Synthetically_Enhanced_IKS_Model
IKS_EXT_541,Satyagrahi,Life of Mahatma Gandhi,overcoming traumatic past,tradition vs innovation,Goals,shanti,"Through shanti, one can navigate overcoming traumatic past and restore inner balance.","grief, tradition, innovation",grief,low,Decided to apply shanti to resolve the tradition vs innovation.,Achieved a sense of clarity and purpose,general,Synthetically_Enhanced_IKS_Model
IKS_EXT_542,Follower,Life of Mahatma Gandhi,overcoming fear of death,attachment vs detachment,Goals,shanti,"Through shanti, one can navigate overcoming fear of death and restore inner balance.","despair, attachment, detachment",despair,low,Decided to apply shanti to resolve the attachment vs detachment.,Achieved a sense of clarity and purpose,general,Synthetically_Enhanced_IKS_Model
IKS_EXT_543,Kasturba,Life of Mahatma Gandhi,coping with aging,faith vs logic,Goals,vairagya,"Through vairagya, one can navigate coping with aging and restore inner balance.","frustration, faith, logic",frustration,medium,Decided to apply vairagya to resolve the faith vs logic.,Achieved a sense of clarity and purpose,general,Synthetically_Enhanced_IKS_Model
IKS_EXT_544,Village Leader,Life of Mahatma Gandhi,struggling with lack of resources,duty vs personal gain,Agency,daya,"Through daya, one can navigate struggling with lack of resources and restore inner balance.","confusion, duty, personal gain",confusion,low,Decided to apply daya to resolve the duty vs personal gain.,Achieved a sense of clarity and purpose,general,Synthetically_Enhanced_IKS_Model
IKS_EXT_545,Gandhi,Life of Mahatma Gandhi,struggling with self-doubt,forgiveness vs anger,Goals,vairagya,"Through vairagya, one can navigate struggling with self-doubt and restore inner balance.","moral tension, forgiveness, anger",moral tension,medium,Decided to apply vairagya to resolve the forgiveness vs anger.,Achieved a sense of clarity and purpose,general,Synthetically_Enhanced_IKS_Model
IKS_EXT_546,Freedom Fighter,Life of Mahatma Gandhi,feeling lonely in a crowd,mercy vs justice,Goals,dana,"Through dana, one can navigate feeling lonely in a crowd and restore inner balance.","anxiety, mercy, justice",anxiety,high,Decided to apply dana to resolve the mercy vs justice.,Achieved a sense of clarity and purpose,general,Synthetically_Enhanced_IKS_Model
IKS_EXT_547,Kasturba,Life of Mahatma Gandhi,dealing with unrequited efforts,loyalty vs righteousness,Agency,daya,"Through daya, one can navigate dealing with unrequited efforts and restore inner balance.","sadness, loyalty, righteousness",sadness,medium,Decided to apply daya to resolve the loyalty vs righteousness.,Achieved a sense of clarity and purpose,general,Synthetically_Enhanced_IKS_Model
IKS_EXT_548,Gandhi,Life of Mahatma Gandhi,dealing with financial debt,ambition vs contentment,Goals,karma yoga,"Through karma yoga, one can navigate dealing with financial debt and restore inner balance.","grief, ambition, contentment",grief,medium,Decided to apply karma yoga to resolve the ambition vs contentment.,Achieved a sense of clarity and purpose,general,Synthetically_Enhanced_IKS_Model
IKS_EXT_549,Satyagrahi,Life of Mahatma Gandhi,overcoming fear of death,self-interest vs social good,Pathways,dana,"Through dana, one can navigate overcoming fear of death and restore inner balance.","despair, self-interest, social good",despair,high,Decided to apply dana to resolve the self-interest vs social good.,Achieved a sense of clarity and purpose,general,Synthetically_Enhanced_IKS_Model
IKS_EXT_550,Village Leader,Life of Mahatma Gandhi,facing ethical corruption in workplace,integrity vs shortcut,Agency,karma yoga,"Through karma yoga, one can navigate facing ethical corruption in workplace and restore inner balance.","anxiety, integrity, shortcut",anxiety,high,Decided to apply karma yoga to resolve the integrity vs shortcut.,Achieved a sense of clarity and purpose,general,Synthetically_Enhanced_IKS_Model
IKS_EXT_551,Gandhi,Life of Mahatma Gandhi,dealing with physical illness,tradition vs innovation,Pathways,shanti,"Through shanti, one can navigate dealing with physical illness and restore inner balance.","moral tension, tradition, innovation",moral tension,medium,Decided to apply shanti to resolve the tradition vs innovation.,Achieved a sense of clarity and purpose,general,Synthetically_Enhanced_IKS_Model
IKS_EXT_552,Kasturba,Life of Mahatma Gandhi,dealing with professional failure,truth vs convenience,Agency,viveka,"Through viveka, one can navigate dealing with professional failure and restore inner balance.","moral tension, truth, convenience",moral tension,medium,Decided to apply viveka to resolve the truth vs convenience.,Achieved a sense of clarity and purpose,general,Synthetically_Enhanced_IKS_Model
IKS_EXT_553,Village Leader,Life of Mahatma Gandhi,overcoming traumatic past,truth vs convenience,Pathways,shanti,"Through shanti, one can navigate overcoming traumatic past and restore inner balance.","confusion, truth, convenience",confusion,medium,Decided to apply shanti to resolve the truth vs convenience.,Achieved a sense of clarity and purpose,general,Synthetically_Enhanced_IKS_Model
IKS_EXT_554,Satyagrahi,Life of Mahatma Gandhi,overcoming procrastination,forgiveness vs anger,Pathways,shanti,"Through shanti, one can navigate overcoming procrastination and restore inner balance.","sadness, forgiveness, anger",sadness,medium,Decided to apply shanti to resolve the forgiveness vs anger.,Achieved a sense of clarity and purpose,general,Synthetically_Enhanced_IKS_Model
IKS_EXT_555,Follower,Life of Mahatma Gandhi,seeking purpose in life,forgiveness vs anger,Pathways,viveka,"Through viveka, one can navigate seeking purpose in life and restore inner balance.","helplessness, forgiveness, anger",helplessness,medium,Decided to apply viveka to resolve the forgiveness vs anger.,Achieved a sense of clarity and purpose,general,Synthetically_Enhanced_IKS_Model
IKS_EXT_556,Kasturba,Life of Mahatma Gandhi,overcoming traumatic past,mercy vs justice,Pathways,satya,"Through satya, one can navigate overcoming traumatic past and restore inner balance.","anger, mercy, justice",anger,low,Decided to apply satya to resolve the mercy vs justice.,Achieved a sense of clarity and purpose,general,Synthetically_Enhanced_IKS_Model
IKS_EXT_557,Village Leader,Life of Mahatma Gandhi,facing a loss of a loved one,attachment vs detachment,Goals,bhakti,"Through bhakti, one can navigate facing a loss of a loved one and restore inner balance.","anxiety, attachment, detachment",anxiety,medium,Decided to apply bhakti to resolve the attachment vs detachment.,Achieved a sense of clarity and purpose,general,Synthetically_Enhanced_IKS_Model
IKS_EXT_558,Kasturba,Life of Mahatma Gandhi,managing family conflicts,faith vs logic,Goals,shanti,"Through shanti, one can navigate managing family conflicts and restore inner balance.","fear, faith, logic",fear,medium,Decided to apply shanti to resolve the faith vs logic.,Achieved a sense of clarity and purpose,general,Synthetically_Enhanced_IKS_Model
IKS_EXT_559,Village Leader,Life of Mahatma Gandhi,facing social discrimination,integrity vs shortcut,Pathways,shanti,"Through shanti, one can navigate facing social discrimination and restore inner balance.","moral tension, integrity, shortcut",moral tension,high,Decided to apply shanti to resolve the integrity vs shortcut.,Achieved a sense of clarity and purpose,general,Synthetically_Enhanced_IKS_Model
IKS_EXT_560,Kasturba,Life of Mahatma Gandhi,experiencing a crisis of faith,hard work vs luck,Agency,satya,"Through satya, one can navigate experiencing a crisis of faith and restore inner balance.","fear, hard work, luck",fear,low,Decided to apply satya to resolve the hard work vs luck.,Achieved a sense of clarity and purpose,general,Synthetically_Enhanced_IKS_Model
IKS_EXT_561,Freedom Fighter,Life of Mahatma Gandhi,dealing with physical illness,fear vs courage,Goals,daya,"Through daya, one can navigate dealing with physical illness and restore inner balance.","helplessness, fear, courage",helplessness,high,Decided to apply daya to resolve the fear vs courage.,Achieved a sense of clarity and purpose,general,Synthetically_Enhanced_IKS_Model
IKS_EXT_562,Follower,Life of Mahatma Gandhi,dealing with anger and revenge,forgiveness vs anger,Agency,dharma,"Through dharma, one can navigate dealing with anger and revenge and restore inner balance.","grief, forgiveness, anger",grief,medium,Decided to apply dharma to resolve the forgiveness vs anger.,Achieved a sense of clarity and purpose,general,Synthetically_Enhanced_IKS_Model
IKS_EXT_563,Village Leader,Life of Mahatma Gandhi,dealing with physical illness,duty vs personal gain,Pathways,dharma,"Through dharma, one can navigate dealing with physical illness and restore inner balance.","grief, duty, personal gain",grief,low,Decided to apply dharma to resolve the duty vs personal gain.,Achieved a sense of clarity and purpose,general,Synthetically_Enhanced_IKS_Model
IKS_EXT_564,Kasturba,Life of Mahatma Gandhi,struggling with lack of resources,mercy vs justice,Pathways,dana,"Through dana, one can navigate struggling with lack of resources and restore inner balance.","sadness, mercy, justice",sadness,medium,Decided to apply dana to resolve the mercy vs justice.,Achieved a sense of clarity and purpose,general,Synthetically_Enhanced_IKS_Model
IKS_EXT_565,Freedom Fighter,Life of Mahatma Gandhi,dealing with professional failure,ambition vs contentment,Pathways,vairagya,"Through vairagya, one can navigate dealing with professional failure and restore inner balance.","sadness, ambition, contentment",sadness,high,Decided to apply vairagya to resolve the ambition vs contentment.,Achieved a sense of clarity and purpose,general,Synthetically_Enhanced_IKS_Model
IKS_EXT_566,Village Leader,Life of Mahatma Gandhi,facing social discrimination,ambition vs contentment,Pathways,dana,"Through dana, one can navigate facing social discrimination and restore inner balance.","moral tension, ambition, contentment",moral tension,medium,Decided to apply dana to resolve the ambition vs contentment.,Achieved a sense of clarity and purpose,general,Synthetically_Enhanced_IKS_Model
IKS_EXT_567,Freedom Fighter,Life of Mahatma Gandhi,facing a moral dilemma between family and duty,faith vs logic,Pathways,ahimsa,"Through ahimsa, one can navigate facing a moral dilemma between family and duty and restore inner balance.","helplessness, faith, logic",helplessness,high,Decided to apply ahimsa to resolve the faith vs logic.,Achieved a sense of clarity and purpose,general,Synthetically_Enhanced_IKS_Model
IKS_EXT_568,Follower,Life of Mahatma Gandhi,dealing with public humiliation,duty vs personal gain,Pathways,vairagya,"Through vairagya, one can navigate dealing with public humiliation and restore inner balance.","fear, duty, personal gain",fear,medium,Decided to apply vairagya to resolve the duty vs personal gain.,Achieved a sense of clarity and purpose,general,Synthetically_Enhanced_IKS_Model
IKS_EXT_569,Kasturba,Life of Mahatma Gandhi,experiencing a crisis of faith,faith vs logic,Goals,tapas,"Through tapas, one can navigate experiencing a crisis of faith and restore inner balance.","grief, faith, logic",grief,high,Decided to apply tapas to resolve the faith vs logic.,Achieved a sense of clarity and purpose,general,Synthetically_Enhanced_IKS_Model
IKS_EXT_570,Village Leader,Life of Mahatma Gandhi,struggling with addiction or bad habits,mercy vs justice,Goals,satya,"Through satya, one can navigate struggling with addiction or bad habits and restore inner balance.","fear, mercy, justice",fear,high,Decided to apply satya to resolve the mercy vs justice.,Achieved a sense of clarity and purpose,general,Synthetically_Enhanced_IKS_Model
IKS_EXT_571,Follower,Life of Mahatma Gandhi,dealing with anger and revenge,truth vs convenience,Agency,bhakti,"Through bhakti, one can navigate dealing with anger and revenge and restore inner balance.","anger, truth, convenience",anger,low,Decided to apply bhakti to resolve the truth vs convenience.,Achieved a sense of clarity and purpose,general,Synthetically_Enhanced_IKS_Model
IKS_EXT_572,Gandhi,Life of Mahatma Gandhi,feeling confused about career path,tradition vs innovation,Goals,daya,"Through daya, one can navigate feeling confused about career path and restore inner balance.","moral tension, tradition, innovation",moral tension,low,Decided to apply daya to resolve the tradition vs innovation.,Achieved a sense of clarity and purpose,general,Synthetically_Enhanced_IKS_Model
IKS_EXT_573,Follower,Life of Mahatma Gandhi,facing community isolation,integrity vs shortcut,Goals,shanti,"Through shanti, one can navigate facing community isolation and restore inner balance.","fear, integrity, shortcut",fear,high,Decided to apply shanti to resolve the integrity vs shortcut.,Achieved a sense of clarity and purpose,general,Synthetically_Enhanced_IKS_Model
IKS_EXT_574,Freedom Fighter,Life of Mahatma Gandhi,dealing with physical illness,forgiveness vs anger,Agency,satya,"Through satya, one can navigate dealing with physical illness and restore inner balance.","helplessness, forgiveness, anger",helplessness,low,Decided to apply satya to resolve the forgiveness vs anger.,Achieved a sense of clarity and purpose,general,Synthetically_Enhanced_IKS_Model
IKS_EXT_575,Village Leader,Life of Mahatma Gandhi,facing a moral dilemma between family and duty,truth vs convenience,Agency,vairagya,"Through vairagya, one can navigate facing a moral dilemma between family and duty and restore inner balance.","anger, truth, convenience",anger,high,Decided to apply vairagya to resolve the truth vs convenience.,Achieved a sense of clarity and purpose,general,Synthetically_Enhanced_IKS_Model
IKS_EXT_576,Follower,Life of Mahatma Gandhi,facing a loss of a loved one,hard work vs luck,Pathways,vairagya,"Through vairagya, one can navigate facing a loss of a loved one and restore inner balance.","grief, hard work, luck",grief,low,Decided to apply vairagya to resolve the hard work vs luck.,Achieved a sense of clarity and purpose,general,Synthetically_Enhanced_IKS_Model
IKS_EXT_577,Follower,Life of Mahatma Gandhi,seeking purpose in life,self-interest vs social good,Pathways,ahimsa,"Through ahimsa, one can navigate seeking purpose in life and restore inner balance.","despair, self-interest, social good",despair,medium,Decided to apply ahimsa to resolve the self-interest vs social good.,Achieved a sense of clarity and purpose,general,Synthetically_Enhanced_IKS_Model
IKS_EXT_578,Village Leader,Life of Mahatma Gandhi,struggling with self-doubt,self-interest vs social good,Pathways,daya,"Through daya, one can navigate struggling with self-doubt and restore inner balance.","anger, self-interest, social good",anger,high,Decided to apply daya to resolve the self-interest vs social good.,Achieved a sense of clarity and purpose,general,Synthetically_Enhanced_IKS_Model
IKS_EXT_579,Kasturba,Life of Mahatma Gandhi,facing injustice from authority,integrity vs shortcut,Agency,bhakti,"Through bhakti, one can navigate facing injustice from authority and restore inner balance.","confusion, integrity, shortcut",confusion,medium,Decided to apply bhakti to resolve the integrity vs shortcut.,Achieved a sense of clarity and purpose,general,Synthetically_Enhanced_IKS_Model
IKS_EXT_580,Kasturba,Life of Mahatma Gandhi,facing community isolation,fear vs courage,Agency,bhakti,"Through bhakti, one can navigate facing community isolation and restore inner balance.","sadness, fear, courage",sadness,medium,Decided to apply bhakti to resolve the fear vs courage.,Achieved a sense of clarity and purpose,general,Synthetically_Enhanced_IKS_Model
IKS_EXT_581,Gandhi,Life of Mahatma Gandhi,struggling with poverty,mercy vs justice,Agency,kshama,"Through kshama, one can navigate struggling with poverty and restore inner balance.","anxiety, mercy, justice",anxiety,medium,Decided to apply kshama to resolve the mercy vs justice.,Achieved a sense of clarity and purpose,general,Synthetically_Enhanced_IKS_Model
IKS_EXT_582,Follower,Life of Mahatma Gandhi,facing betrayal by a friend,non-violence vs self-defense,Agency,viveka,"Through viveka, one can navigate facing betrayal by a friend and restore inner balance.","frustration, non-violence, self-defense",frustration,low,Decided to apply viveka to resolve the non-violence vs self-defense.,Achieved a sense of clarity and purpose,general,Synthetically_Enhanced_IKS_Model
IKS_EXT_583,Village Leader,Life of Mahatma Gandhi,facing social discrimination,fear vs courage,Pathways,bhakti,"Through bhakti, one can navigate facing social discrimination and restore inner balance.","helplessness, fear, courage",helplessness,medium,Decided to apply bhakti to resolve the fear vs courage.,Achieved a sense of clarity and purpose,general,Synthetically_Enhanced_IKS_Model
IKS_EXT_584,Village Leader,Life of Mahatma Gandhi,facing exhaustion and burnout,hard work vs luck,Pathways,daya,"Through daya, one can navigate facing exhaustion and burnout and restore inner balance.","moral tension, hard work, luck",moral tension,low,Decided to apply daya to resolve the hard work vs luck.,Achieved a sense of clarity and purpose,general,Synthetically_Enhanced_IKS_Model
IKS_EXT_585,Gandhi,Life of Mahatma Gandhi,dealing with unrequited efforts,attachment vs detachment,Goals,viveka,"Through viveka, one can navigate dealing with unrequited efforts and restore inner balance.","frustration, attachment, detachment",frustration,medium,Decided to apply viveka to resolve the attachment vs detachment.,Achieved a sense of clarity and purpose,general,Synthetically_Enhanced_IKS_Model
IKS_EXT_586,Follower,Life of Mahatma Gandhi,facing injustice from authority,faith vs logic,Pathways,ahimsa,"Through ahimsa, one can navigate facing injustice from authority and restore inner balance.","moral tension, faith, logic",moral tension,low,Decided to apply ahimsa to resolve the faith vs logic.,Achieved a sense of clarity and purpose,general,Synthetically_Enhanced_IKS_Model
IKS_EXT_587,Follower,Life of Mahatma Gandhi,facing injustice from authority,forgiveness vs anger,Agency,viveka,"Through viveka, one can navigate facing injustice from authority and restore inner balance.","anxiety, forgiveness, anger",anxiety,high,Decided to apply viveka to resolve the forgiveness vs anger.,Achieved a sense of clarity and purpose,general,Synthetically_Enhanced_IKS_Model
IKS_EXT_588,Kasturba,Life of Mahatma Gandhi,dealing with unrequited efforts,loyalty vs righteousness,Goals,viveka,"Through viveka, one can navigate dealing with unrequited efforts and restore inner balance.","confusion, loyalty, righteousness",confusion,low,Decided to apply viveka to resolve the loyalty vs righteousness.,Achieved a sense of clarity and purpose,general,Synthetically_Enhanced_IKS_Model
IKS_EXT_589,Village Leader,Life of Mahatma Gandhi,facing a loss of a loved one,self-interest vs social good,Agency,karma yoga,"Through karma yoga, one can navigate facing a loss of a loved one and restore inner balance.","fear, self-interest, social good",fear,medium,Decided to apply karma yoga to resolve the self-interest vs social good.,Achieved a sense of clarity and purpose,general,Synthetically_Enhanced_IKS_Model
IKS_EXT_590,Satyagrahi,Life of Mahatma Gandhi,managing family conflicts,faith vs logic,Agency,daya,"Through daya, one can navigate managing family conflicts and restore inner balance.","frustration, faith, logic",frustration,medium,Decided to apply daya to resolve the faith vs logic.,Achieved a sense of clarity and purpose,general,Synthetically_Enhanced_IKS_Model
IKS_EXT_591,Follower,Life of Mahatma Gandhi,experiencing a crisis of faith,fear vs courage,Pathways,shanti,"Through shanti, one can navigate experiencing a crisis of faith and restore inner balance.","frustration, fear, courage",frustration,low,Decided to apply shanti to resolve the fear vs courage.,Achieved a sense of clarity and purpose,general,Synthetically_Enhanced_IKS_Model
IKS_EXT_592,Satyagrahi,Life of Mahatma Gandhi,dealing with financial debt,patience vs impulse,Pathways,kshama,"Through kshama, one can navigate dealing with financial debt and restore inner balance.","fear, patience, impulse",fear,low,Decided to apply kshama to resolve the patience vs impulse.,Achieved a sense of clarity and purpose,general,Synthetically_Enhanced_IKS_Model
IKS_EXT_593,Freedom Fighter,Life of Mahatma Gandhi,facing exhaustion and burnout,truth vs convenience,Agency,satya,"Through satya, one can navigate facing exhaustion and burnout and restore inner balance.","helplessness, truth, convenience",helplessness,high,Decided to apply satya to resolve the truth vs convenience.,Achieved a sense of clarity and purpose,general,Synthetically_Enhanced_IKS_Model
IKS_EXT_594,Freedom Fighter,Life of Mahatma Gandhi,overcoming procrastination,integrity vs shortcut,Goals,ahimsa,"Through ahimsa, one can navigate overcoming procrastination and restore inner balance.","despair, integrity, shortcut",despair,medium,Decided to apply ahimsa to resolve the integrity vs shortcut.,Achieved a sense of clarity and purpose,general,Synthetically_Enhanced_IKS_Model
IKS_EXT_595,Follower,Life of Mahatma Gandhi,dealing with unrequited efforts,truth vs convenience,Agency,dana,"Through dana, one can navigate dealing with unrequited efforts and restore inner balance.","confusion, truth, convenience",confusion,medium,Decided to apply dana to resolve the truth vs convenience.,Achieved a sense of clarity and purpose,general,Synthetically_Enhanced_IKS_Model
IKS_EXT_596,Village Leader,Life of Mahatma Gandhi,struggling with poverty,loyalty vs righteousness,Goals,viveka,"Through viveka, one can navigate struggling with poverty and restore inner balance.","confusion, loyalty, righteousness",confusion,medium,Decided to apply viveka to resolve the loyalty vs righteousness.,Achieved a sense of clarity and purpose,general,Synthetically_Enhanced_IKS_Model
IKS_EXT_597,Kasturba,Life of Mahatma Gandhi,struggling with poverty,non-violence vs self-defense,Goals,dana,"Through dana, one can navigate struggling with poverty and restore inner balance.","despair, non-violence, self-defense",despair,low,Decided to apply dana to resolve the non-violence vs self-defense.,Achieved a sense of clarity and purpose,general,Synthetically_Enhanced_IKS_Model
IKS_EXT_598,Village Leader,Life of Mahatma Gandhi,overcoming procrastination,ambition vs contentment,Agency,dharma,"Through dharma, one can navigate overcoming procrastination and restore inner balance.","sadness, ambition, contentment",sadness,high,Decided to apply dharma to resolve the ambition vs contentment.,Achieved a sense of clarity and purpose,general,Synthetically_Enhanced_IKS_Model
IKS_EXT_599,Satyagrahi,Life of Mahatma Gandhi,dealing with physical illness,hard work vs luck,Agency,dharma,"Through dharma, one can navigate dealing with physical illness and restore inner balance.","anger, hard work, luck",anger,medium,Decided to apply dharma to resolve the hard work vs luck.,Achieved a sense of clarity and purpose,general,Synthetically_Enhanced_IKS_Model
IKS_EXT_600,Gandhi,Life of Mahatma Gandhi,facing social discrimination,attachment vs detachment,Goals,satya,"Through satya, one can navigate facing social discrimination and restore inner balance.","grief, attachment, detachment",grief,low,Decided to apply satya to resolve the attachment vs detachment.,Achieved a sense of clarity and purpose,general,Synthetically_Enhanced_IKS_Model
